city,day,facade,street_width_m,opposite_height_m,floor,direct_sun_h
Rome,spring,south,8,18,0,0
Rome,spring,south,8,18,1,0
Rome,spring,south,8,18,2,0
Rome,spring,south,8,18,3,11.8
Rome,spring,south,8,18,4,11.8
Rome,spring,south,8,18,5,11.8
Rome,spring,south,12,18,0,0
Rome,spring,south,12,18,1,0.1
Rome,spring,south,12,18,2,11.8
Rome,spring,south,12,18,3,11.8
Rome,spring,south,12,18,4,11.8
Rome,spring,south,12,18,5,11.8
Rome,spring,south,20,18,0,11.8
Rome,spring,south,20,18,1,11.8
Rome,spring,south,20,18,2,11.8
Rome,spring,south,20,18,3,11.8
Rome,spring,south,20,18,4,11.8
Rome,spring,south,20,18,5,11.8
Rome,spring,south,30,18,0,11.8
Rome,spring,south,30,18,1,11.8
Rome,spring,south,30,18,2,11.8
Rome,spring,south,30,18,3,11.8
Rome,spring,south,30,18,4,11.8
Rome,spring,south,30,18,5,11.8
Rome,spring,east_or_west,8,18,0,1.2
Rome,spring,east_or_west,8,18,1,1.4
Rome,spring,east_or_west,8,18,2,1.8
Rome,spring,east_or_west,8,18,3,2.4
Rome,spring,east_or_west,8,18,4,3.3
Rome,spring,east_or_west,8,18,5,4.9
Rome,spring,east_or_west,12,18,0,1.7
Rome,spring,east_or_west,12,18,1,2.1
Rome,spring,east_or_west,12,18,2,2.6
Rome,spring,east_or_west,12,18,3,3.2
Rome,spring,east_or_west,12,18,4,4.1
Rome,spring,east_or_west,12,18,5,5.2
Rome,spring,east_or_west,20,18,0,2.7
Rome,spring,east_or_west,20,18,1,3.1
Rome,spring,east_or_west,20,18,2,3.5
Rome,spring,east_or_west,20,18,3,4.1
Rome,spring,east_or_west,20,18,4,4.8
Rome,spring,east_or_west,20,18,5,5.5
Rome,spring,east_or_west,30,18,0,3.4
Rome,spring,east_or_west,30,18,1,3.8
Rome,spring,east_or_west,30,18,2,4.2
Rome,spring,east_or_west,30,18,3,4.7
Rome,spring,east_or_west,30,18,4,5.2
Rome,spring,east_or_west,30,18,5,5.7
Rome,summer,south,8,18,0,7.9
Rome,summer,south,8,18,1,7.9
Rome,summer,south,8,18,2,7.9
Rome,summer,south,8,18,3,7.9
Rome,summer,south,8,18,4,7.9
Rome,summer,south,8,18,5,7.9
Rome,summer,south,12,18,0,7.9
Rome,summer,south,12,18,1,7.9
Rome,summer,south,12,18,2,7.9
Rome,summer,south,12,18,3,7.9
Rome,summer,south,12,18,4,7.9
Rome,summer,south,12,18,5,7.9
Rome,summer,south,20,18,0,7.9
Rome,summer,south,20,18,1,7.9
Rome,summer,south,20,18,2,7.9
Rome,summer,south,20,18,3,7.9
Rome,summer,south,20,18,4,7.9
Rome,summer,south,20,18,5,7.9
Rome,summer,south,30,18,0,7.9
Rome,summer,south,30,18,1,7.9
Rome,summer,south,30,18,2,7.9
Rome,summer,south,30,18,3,7.9
Rome,summer,south,30,18,4,7.9
Rome,summer,south,30,18,5,7.9
Rome,summer,east_or_west,8,18,0,1.7
Rome,summer,east_or_west,8,18,1,2.2
Rome,summer,east_or_west,8,18,2,2.7
Rome,summer,east_or_west,8,18,3,3.4
Rome,summer,east_or_west,8,18,4,4.7
Rome,summer,east_or_west,8,18,5,6.5
Rome,summer,east_or_west,12,18,0,2.6
Rome,summer,east_or_west,12,18,1,3
Rome,summer,east_or_west,12,18,2,3.6
Rome,summer,east_or_west,12,18,3,4.4
Rome,summer,east_or_west,12,18,4,5.6
Rome,summer,east_or_west,12,18,5,6.9
Rome,summer,east_or_west,20,18,0,3.8
Rome,summer,east_or_west,20,18,1,4.3
Rome,summer,east_or_west,20,18,2,4.8
Rome,summer,east_or_west,20,18,3,5.6
Rome,summer,east_or_west,20,18,4,6.3
Rome,summer,east_or_west,20,18,5,7.2
Rome,summer,east_or_west,30,18,0,4.8
Rome,summer,east_or_west,30,18,1,5.2
Rome,summer,east_or_west,30,18,2,5.7
Rome,summer,east_or_west,30,18,3,6.2
Rome,summer,east_or_west,30,18,4,6.7
Rome,summer,east_or_west,30,18,5,7.3
Rome,autumn,south,8,18,0,0
Rome,autumn,south,8,18,1,0
Rome,autumn,south,8,18,2,0.3
Rome,autumn,south,8,18,3,11.7
Rome,autumn,south,8,18,4,11.7
Rome,autumn,south,8,18,5,11.7
Rome,autumn,south,12,18,0,0.3
Rome,autumn,south,12,18,1,3.5
Rome,autumn,south,12,18,2,11.7
Rome,autumn,south,12,18,3,11.7
Rome,autumn,south,12,18,4,11.7
Rome,autumn,south,12,18,5,11.7
Rome,autumn,south,20,18,0,11.7
Rome,autumn,south,20,18,1,11.7
Rome,autumn,south,20,18,2,11.7
Rome,autumn,south,20,18,3,11.7
Rome,autumn,south,20,18,4,11.7
Rome,autumn,south,20,18,5,11.7
Rome,autumn,south,30,18,0,11.7
Rome,autumn,south,30,18,1,11.7
Rome,autumn,south,30,18,2,11.7
Rome,autumn,south,30,18,3,11.7
Rome,autumn,south,30,18,4,11.7
Rome,autumn,south,30,18,5,11.7
Rome,autumn,east_or_west,8,18,0,1.2
Rome,autumn,east_or_west,8,18,1,1.5
Rome,autumn,east_or_west,8,18,2,1.9
Rome,autumn,east_or_west,8,18,3,2.5
Rome,autumn,east_or_west,8,18,4,3.5
Rome,autumn,east_or_west,8,18,5,5.1
Rome,autumn,east_or_west,12,18,0,1.8
Rome,autumn,east_or_west,12,18,1,2.2
Rome,autumn,east_or_west,12,18,2,2.7
Rome,autumn,east_or_west,12,18,3,3.3
Rome,autumn,east_or_west,12,18,4,4.2
Rome,autumn,east_or_west,12,18,5,5.4
Rome,autumn,east_or_west,20,18,0,2.8
Rome,autumn,east_or_west,20,18,1,3.2
Rome,autumn,east_or_west,20,18,2,3.7
Rome,autumn,east_or_west,20,18,3,4.3
Rome,autumn,east_or_west,20,18,4,4.9
Rome,autumn,east_or_west,20,18,5,5.7
Rome,autumn,east_or_west,30,18,0,3.6
Rome,autumn,east_or_west,30,18,1,3.9
Rome,autumn,east_or_west,30,18,2,4.3
Rome,autumn,east_or_west,30,18,3,4.8
Rome,autumn,east_or_west,30,18,4,5.2
Rome,autumn,east_or_west,30,18,5,5.7
Rome,winter,south,8,18,0,0
Rome,winter,south,8,18,1,0
Rome,winter,south,8,18,2,0
Rome,winter,south,8,18,3,0
Rome,winter,south,8,18,4,0
Rome,winter,south,8,18,5,7.3
Rome,winter,south,12,18,0,0
Rome,winter,south,12,18,1,0
Rome,winter,south,12,18,2,0
Rome,winter,south,12,18,3,0
Rome,winter,south,12,18,4,4.3
Rome,winter,south,12,18,5,8
Rome,winter,south,20,18,0,0
Rome,winter,south,20,18,1,0
Rome,winter,south,20,18,2,0
Rome,winter,south,20,18,3,4.4
Rome,winter,south,20,18,4,7
Rome,winter,south,20,18,5,8.5
Rome,winter,south,30,18,0,0
Rome,winter,south,30,18,1,1.2
Rome,winter,south,30,18,2,5
Rome,winter,south,30,18,3,6.7
Rome,winter,south,30,18,4,7.8
Rome,winter,south,30,18,5,8.7
Rome,winter,east_or_west,8,18,0,0.7
Rome,winter,east_or_west,8,18,1,0.8
Rome,winter,east_or_west,8,18,2,1.1
Rome,winter,east_or_west,8,18,3,1.5
Rome,winter,east_or_west,8,18,4,2.2
Rome,winter,east_or_west,8,18,5,3.5
Rome,winter,east_or_west,12,18,0,1.1
Rome,winter,east_or_west,12,18,1,1.2
Rome,winter,east_or_west,12,18,2,1.6
Rome,winter,east_or_west,12,18,3,2.1
Rome,winter,east_or_west,12,18,4,2.8
Rome,winter,east_or_west,12,18,5,3.8
Rome,winter,east_or_west,20,18,0,1.7
Rome,winter,east_or_west,20,18,1,2
Rome,winter,east_or_west,20,18,2,2.3
Rome,winter,east_or_west,20,18,3,2.8
Rome,winter,east_or_west,20,18,4,3.3
Rome,winter,east_or_west,20,18,5,4
Rome,winter,east_or_west,30,18,0,2.2
Rome,winter,east_or_west,30,18,1,2.5
Rome,winter,east_or_west,30,18,2,2.8
Rome,winter,east_or_west,30,18,3,3.3
Rome,winter,east_or_west,30,18,4,3.7
Rome,winter,east_or_west,30,18,5,4.2
Milan,spring,south,8,18,0,0
Milan,spring,south,8,18,1,0
Milan,spring,south,8,18,2,0
Milan,spring,south,8,18,3,9.8
Milan,spring,south,8,18,4,11.8
Milan,spring,south,8,18,5,11.8
Milan,spring,south,12,18,0,0
Milan,spring,south,12,18,1,0
Milan,spring,south,12,18,2,11.8
Milan,spring,south,12,18,3,11.8
Milan,spring,south,12,18,4,11.8
Milan,spring,south,12,18,5,11.8
Milan,spring,south,20,18,0,11.8
Milan,spring,south,20,18,1,11.8
Milan,spring,south,20,18,2,11.8
Milan,spring,south,20,18,3,11.8
Milan,spring,south,20,18,4,11.8
Milan,spring,south,20,18,5,11.8
Milan,spring,south,30,18,0,11.8
Milan,spring,south,30,18,1,11.8
Milan,spring,south,30,18,2,11.8
Milan,spring,south,30,18,3,11.8
Milan,spring,south,30,18,4,11.8
Milan,spring,south,30,18,5,11.8
Milan,spring,east_or_west,8,18,0,1.2
Milan,spring,east_or_west,8,18,1,1.4
Milan,spring,east_or_west,8,18,2,1.7
Milan,spring,east_or_west,8,18,3,2.3
Milan,spring,east_or_west,8,18,4,3.3
Milan,spring,east_or_west,8,18,5,4.9
Milan,spring,east_or_west,12,18,0,1.7
Milan,spring,east_or_west,12,18,1,2
Milan,spring,east_or_west,12,18,2,2.5
Milan,spring,east_or_west,12,18,3,3.1
Milan,spring,east_or_west,12,18,4,4
Milan,spring,east_or_west,12,18,5,5.2
Milan,spring,east_or_west,20,18,0,2.6
Milan,spring,east_or_west,20,18,1,3
Milan,spring,east_or_west,20,18,2,3.4
Milan,spring,east_or_west,20,18,3,4
Milan,spring,east_or_west,20,18,4,4.8
Milan,spring,east_or_west,20,18,5,5.5
Milan,spring,east_or_west,30,18,0,3.3
Milan,spring,east_or_west,30,18,1,3.8
Milan,spring,east_or_west,30,18,2,4.2
Milan,spring,east_or_west,30,18,3,4.6
Milan,spring,east_or_west,30,18,4,5.1
Milan,spring,east_or_west,30,18,5,5.7
Milan,summer,south,8,18,0,8.4
Milan,summer,south,8,18,1,8.4
Milan,summer,south,8,18,2,8.4
Milan,summer,south,8,18,3,8.4
Milan,summer,south,8,18,4,8.4
Milan,summer,south,8,18,5,8.4
Milan,summer,south,12,18,0,8.4
Milan,summer,south,12,18,1,8.4
Milan,summer,south,12,18,2,8.4
Milan,summer,south,12,18,3,8.4
Milan,summer,south,12,18,4,8.4
Milan,summer,south,12,18,5,8.4
Milan,summer,south,20,18,0,8.4
Milan,summer,south,20,18,1,8.4
Milan,summer,south,20,18,2,8.4
Milan,summer,south,20,18,3,8.4
Milan,summer,south,20,18,4,8.4
Milan,summer,south,20,18,5,8.4
Milan,summer,south,30,18,0,8.4
Milan,summer,south,30,18,1,8.4
Milan,summer,south,30,18,2,8.4
Milan,summer,south,30,18,3,8.4
Milan,summer,south,30,18,4,8.4
Milan,summer,south,30,18,5,8.4
Milan,summer,east_or_west,8,18,0,1.7
Milan,summer,east_or_west,8,18,1,2.1
Milan,summer,east_or_west,8,18,2,2.6
Milan,summer,east_or_west,8,18,3,3.3
Milan,summer,east_or_west,8,18,4,4.7
Milan,summer,east_or_west,8,18,5,6.6
Milan,summer,east_or_west,12,18,0,2.5
Milan,summer,east_or_west,12,18,1,2.9
Milan,summer,east_or_west,12,18,2,3.6
Milan,summer,east_or_west,12,18,3,4.4
Milan,summer,east_or_west,12,18,4,5.6
Milan,summer,east_or_west,12,18,5,7
Milan,summer,east_or_west,20,18,0,3.8
Milan,summer,east_or_west,20,18,1,4.3
Milan,summer,east_or_west,20,18,2,4.8
Milan,summer,east_or_west,20,18,3,5.6
Milan,summer,east_or_west,20,18,4,6.4
Milan,summer,east_or_west,20,18,5,7.3
Milan,summer,east_or_west,30,18,0,4.8
Milan,summer,east_or_west,30,18,1,5.2
Milan,summer,east_or_west,30,18,2,5.7
Milan,summer,east_or_west,30,18,3,6.2
Milan,summer,east_or_west,30,18,4,6.8
Milan,summer,east_or_west,30,18,5,7.4
Milan,autumn,south,8,18,0,0
Milan,autumn,south,8,18,1,0.1
Milan,autumn,south,8,18,2,0.3
Milan,autumn,south,8,18,3,11.8
Milan,autumn,south,8,18,4,11.8
Milan,autumn,south,8,18,5,11.8
Milan,autumn,south,12,18,0,0.2
Milan,autumn,south,12,18,1,0.7
Milan,autumn,south,12,18,2,11.8
Milan,autumn,south,12,18,3,11.8
Milan,autumn,south,12,18,4,11.8
Milan,autumn,south,12,18,5,11.8
Milan,autumn,south,20,18,0,11.8
Milan,autumn,south,20,18,1,11.8
Milan,autumn,south,20,18,2,11.8
Milan,autumn,south,20,18,3,11.8
Milan,autumn,south,20,18,4,11.8
Milan,autumn,south,20,18,5,11.8
Milan,autumn,south,30,18,0,11.8
Milan,autumn,south,30,18,1,11.8
Milan,autumn,south,30,18,2,11.8
Milan,autumn,south,30,18,3,11.8
Milan,autumn,south,30,18,4,11.8
Milan,autumn,south,30,18,5,11.8
Milan,autumn,east_or_west,8,18,0,1.2
Milan,autumn,east_or_west,8,18,1,1.4
Milan,autumn,east_or_west,8,18,2,1.7
Milan,autumn,east_or_west,8,18,3,2.3
Milan,autumn,east_or_west,8,18,4,3.3
Milan,autumn,east_or_west,8,18,5,4.9
Milan,autumn,east_or_west,12,18,0,1.7
Milan,autumn,east_or_west,12,18,1,2.1
Milan,autumn,east_or_west,12,18,2,2.5
Milan,autumn,east_or_west,12,18,3,3.2
Milan,autumn,east_or_west,12,18,4,4.1
Milan,autumn,east_or_west,12,18,5,5.2
Milan,autumn,east_or_west,20,18,0,2.6
Milan,autumn,east_or_west,20,18,1,3
Milan,autumn,east_or_west,20,18,2,3.5
Milan,autumn,east_or_west,20,18,3,4.1
Milan,autumn,east_or_west,20,18,4,4.8
Milan,autumn,east_or_west,20,18,5,5.6
Milan,autumn,east_or_west,30,18,0,3.4
Milan,autumn,east_or_west,30,18,1,3.8
Milan,autumn,east_or_west,30,18,2,4.2
Milan,autumn,east_or_west,30,18,3,4.7
Milan,autumn,east_or_west,30,18,4,5.2
Milan,autumn,east_or_west,30,18,5,5.7
Milan,winter,south,8,18,0,0
Milan,winter,south,8,18,1,0
Milan,winter,south,8,18,2,0
Milan,winter,south,8,18,3,0
Milan,winter,south,8,18,4,0
Milan,winter,south,8,18,5,6.6
Milan,winter,south,12,18,0,0
Milan,winter,south,12,18,1,0
Milan,winter,south,12,18,2,0
Milan,winter,south,12,18,3,0
Milan,winter,south,12,18,4,1
Milan,winter,south,12,18,5,7.4
Milan,winter,south,20,18,0,0
Milan,winter,south,20,18,1,0
Milan,winter,south,20,18,2,0
Milan,winter,south,20,18,3,1.4
Milan,winter,south,20,18,4,6.1
Milan,winter,south,20,18,5,8
Milan,winter,south,30,18,0,0
Milan,winter,south,30,18,1,0
Milan,winter,south,30,18,2,3
Milan,winter,south,30,18,3,5.7
Milan,winter,south,30,18,4,7.2
Milan,winter,south,30,18,5,8.2
Milan,winter,east_or_west,8,18,0,0.6
Milan,winter,east_or_west,8,18,1,0.8
Milan,winter,east_or_west,8,18,2,1
Milan,winter,east_or_west,8,18,3,1.3
Milan,winter,east_or_west,8,18,4,2
Milan,winter,east_or_west,8,18,5,3.3
Milan,winter,east_or_west,12,18,0,0.9
Milan,winter,east_or_west,12,18,1,1.2
Milan,winter,east_or_west,12,18,2,1.4
Milan,winter,east_or_west,12,18,3,1.8
Milan,winter,east_or_west,12,18,4,2.5
Milan,winter,east_or_west,12,18,5,3.6
Milan,winter,east_or_west,20,18,0,1.5
Milan,winter,east_or_west,20,18,1,1.7
Milan,winter,east_or_west,20,18,2,2.1
Milan,winter,east_or_west,20,18,3,2.5
Milan,winter,east_or_west,20,18,4,3.1
Milan,winter,east_or_west,20,18,5,3.8
Milan,winter,east_or_west,30,18,0,2
Milan,winter,east_or_west,30,18,1,2.3
Milan,winter,east_or_west,30,18,2,2.6
Milan,winter,east_or_west,30,18,3,3
Milan,winter,east_or_west,30,18,4,3.4
Milan,winter,east_or_west,30,18,5,3.9
Florence,spring,south,8,18,0,0
Florence,spring,south,8,18,1,0
Florence,spring,south,8,18,2,0
Florence,spring,south,8,18,3,11.7
Florence,spring,south,8,18,4,11.8
Florence,spring,south,8,18,5,11.8
Florence,spring,south,12,18,0,0
Florence,spring,south,12,18,1,0
Florence,spring,south,12,18,2,11.8
Florence,spring,south,12,18,3,11.8
Florence,spring,south,12,18,4,11.8
Florence,spring,south,12,18,5,11.8
Florence,spring,south,20,18,0,11.8
Florence,spring,south,20,18,1,11.8
Florence,spring,south,20,18,2,11.8
Florence,spring,south,20,18,3,11.8
Florence,spring,south,20,18,4,11.8
Florence,spring,south,20,18,5,11.8
Florence,spring,south,30,18,0,11.8
Florence,spring,south,30,18,1,11.8
Florence,spring,south,30,18,2,11.8
Florence,spring,south,30,18,3,11.8
Florence,spring,south,30,18,4,11.8
Florence,spring,south,30,18,5,11.8
Florence,spring,east_or_west,8,18,0,1.2
Florence,spring,east_or_west,8,18,1,1.4
Florence,spring,east_or_west,8,18,2,1.7
Florence,spring,east_or_west,8,18,3,2.3
Florence,spring,east_or_west,8,18,4,3.3
Florence,spring,east_or_west,8,18,5,4.9
Florence,spring,east_or_west,12,18,0,1.7
Florence,spring,east_or_west,12,18,1,2.1
Florence,spring,east_or_west,12,18,2,2.5
Florence,spring,east_or_west,12,18,3,3.2
Florence,spring,east_or_west,12,18,4,4
Florence,spring,east_or_west,12,18,5,5.2
Florence,spring,east_or_west,20,18,0,2.6
Florence,spring,east_or_west,20,18,1,3
Florence,spring,east_or_west,20,18,2,3.5
Florence,spring,east_or_west,20,18,3,4.1
Florence,spring,east_or_west,20,18,4,4.8
Florence,spring,east_or_west,20,18,5,5.5
Florence,spring,east_or_west,30,18,0,3.4
Florence,spring,east_or_west,30,18,1,3.8
Florence,spring,east_or_west,30,18,2,4.2
Florence,spring,east_or_west,30,18,3,4.6
Florence,spring,east_or_west,30,18,4,5.1
Florence,spring,east_or_west,30,18,5,5.7
Florence,summer,south,8,18,0,8.2
Florence,summer,south,8,18,1,8.2
Florence,summer,south,8,18,2,8.2
Florence,summer,south,8,18,3,8.2
Florence,summer,south,8,18,4,8.2
Florence,summer,south,8,18,5,8.2
Florence,summer,south,12,18,0,8.2
Florence,summer,south,12,18,1,8.2
Florence,summer,south,12,18,2,8.2
Florence,summer,south,12,18,3,8.2
Florence,summer,south,12,18,4,8.2
Florence,summer,south,12,18,5,8.2
Florence,summer,south,20,18,0,8.2
Florence,summer,south,20,18,1,8.2
Florence,summer,south,20,18,2,8.2
Florence,summer,south,20,18,3,8.2
Florence,summer,south,20,18,4,8.2
Florence,summer,south,20,18,5,8.2
Florence,summer,south,30,18,0,8.2
Florence,summer,south,30,18,1,8.2
Florence,summer,south,30,18,2,8.2
Florence,summer,south,30,18,3,8.2
Florence,summer,south,30,18,4,8.2
Florence,summer,south,30,18,5,8.2
Florence,summer,east_or_west,8,18,0,1.7
Florence,summer,east_or_west,8,18,1,2.1
Florence,summer,east_or_west,8,18,2,2.7
Florence,summer,east_or_west,8,18,3,3.4
Florence,summer,east_or_west,8,18,4,4.7
Florence,summer,east_or_west,8,18,5,6.6
Florence,summer,east_or_west,12,18,0,2.6
Florence,summer,east_or_west,12,18,1,3
Florence,summer,east_or_west,12,18,2,3.6
Florence,summer,east_or_west,12,18,3,4.4
Florence,summer,east_or_west,12,18,4,5.6
Florence,summer,east_or_west,12,18,5,7
Florence,summer,east_or_west,20,18,0,3.8
Florence,summer,east_or_west,20,18,1,4.3
Florence,summer,east_or_west,20,18,2,4.9
Florence,summer,east_or_west,20,18,3,5.6
Florence,summer,east_or_west,20,18,4,6.4
Florence,summer,east_or_west,20,18,5,7.2
Florence,summer,east_or_west,30,18,0,4.8
Florence,summer,east_or_west,30,18,1,5.2
Florence,summer,east_or_west,30,18,2,5.7
Florence,summer,east_or_west,30,18,3,6.2
Florence,summer,east_or_west,30,18,4,6.8
Florence,summer,east_or_west,30,18,5,7.4
Florence,autumn,south,8,18,0,0
Florence,autumn,south,8,18,1,0
Florence,autumn,south,8,18,2,0.3
Florence,autumn,south,8,18,3,11.8
Florence,autumn,south,8,18,4,11.8
Florence,autumn,south,8,18,5,11.8
Florence,autumn,south,12,18,0,0.2
Florence,autumn,south,12,18,1,1.1
Florence,autumn,south,12,18,2,11.8
Florence,autumn,south,12,18,3,11.8
Florence,autumn,south,12,18,4,11.8
Florence,autumn,south,12,18,5,11.8
Florence,autumn,south,20,18,0,11.8
Florence,autumn,south,20,18,1,11.8
Florence,autumn,south,20,18,2,11.8
Florence,autumn,south,20,18,3,11.8
Florence,autumn,south,20,18,4,11.8
Florence,autumn,south,20,18,5,11.8
Florence,autumn,south,30,18,0,11.8
Florence,autumn,south,30,18,1,11.8
Florence,autumn,south,30,18,2,11.8
Florence,autumn,south,30,18,3,11.8
Florence,autumn,south,30,18,4,11.8
Florence,autumn,south,30,18,5,11.8
Florence,autumn,east_or_west,8,18,0,1.2
Florence,autumn,east_or_west,8,18,1,1.5
Florence,autumn,east_or_west,8,18,2,1.8
Florence,autumn,east_or_west,8,18,3,2.4
Florence,autumn,east_or_west,8,18,4,3.4
Florence,autumn,east_or_west,8,18,5,5
Florence,autumn,east_or_west,12,18,0,1.8
Florence,autumn,east_or_west,12,18,1,2.2
Florence,autumn,east_or_west,12,18,2,2.6
Florence,autumn,east_or_west,12,18,3,3.3
Florence,autumn,east_or_west,12,18,4,4.2
Florence,autumn,east_or_west,12,18,5,5.3
Florence,autumn,east_or_west,20,18,0,2.8
Florence,autumn,east_or_west,20,18,1,3.1
Florence,autumn,east_or_west,20,18,2,3.6
Florence,autumn,east_or_west,20,18,3,4.2
Florence,autumn,east_or_west,20,18,4,4.8
Florence,autumn,east_or_west,20,18,5,5.7
Florence,autumn,east_or_west,30,18,0,3.5
Florence,autumn,east_or_west,30,18,1,3.8
Florence,autumn,east_or_west,30,18,2,4.3
Florence,autumn,east_or_west,30,18,3,4.8
Florence,autumn,east_or_west,30,18,4,5.2
Florence,autumn,east_or_west,30,18,5,5.7
Florence,winter,south,8,18,0,0
Florence,winter,south,8,18,1,0
Florence,winter,south,8,18,2,0
Florence,winter,south,8,18,3,0
Florence,winter,south,8,18,4,0
Florence,winter,south,8,18,5,7
Florence,winter,south,12,18,0,0
Florence,winter,south,12,18,1,0
Florence,winter,south,12,18,2,0
Florence,winter,south,12,18,3,0
Florence,winter,south,12,18,4,3.2
Florence,winter,south,12,18,5,7.7
Florence,winter,south,20,18,0,0
Florence,winter,south,20,18,1,0
Florence,winter,south,20,18,2,0
Florence,winter,south,20,18,3,3.3
Florence,winter,south,20,18,4,6.5
Florence,winter,south,20,18,5,8.2
Florence,winter,south,30,18,0,0
Florence,winter,south,30,18,1,0
Florence,winter,south,30,18,2,4.2
Florence,winter,south,30,18,3,6.2
Florence,winter,south,30,18,4,7.5
Florence,winter,south,30,18,5,8.4
Florence,winter,east_or_west,8,18,0,0.7
Florence,winter,east_or_west,8,18,1,0.8
Florence,winter,east_or_west,8,18,2,1
Florence,winter,east_or_west,8,18,3,1.4
Florence,winter,east_or_west,8,18,4,2.1
Florence,winter,east_or_west,8,18,5,3.3
Florence,winter,east_or_west,12,18,0,1
Florence,winter,east_or_west,12,18,1,1.2
Florence,winter,east_or_west,12,18,2,1.5
Florence,winter,east_or_west,12,18,3,1.9
Florence,winter,east_or_west,12,18,4,2.6
Florence,winter,east_or_west,12,18,5,3.7
Florence,winter,east_or_west,20,18,0,1.6
Florence,winter,east_or_west,20,18,1,1.8
Florence,winter,east_or_west,20,18,2,2.2
Florence,winter,east_or_west,20,18,3,2.7
Florence,winter,east_or_west,20,18,4,3.2
Florence,winter,east_or_west,20,18,5,3.9
Florence,winter,east_or_west,30,18,0,2.2
Florence,winter,east_or_west,30,18,1,2.4
Florence,winter,east_or_west,30,18,2,2.8
Florence,winter,east_or_west,30,18,3,3.1
Florence,winter,east_or_west,30,18,4,3.5
Florence,winter,east_or_west,30,18,5,4
Naples,spring,south,8,18,0,0
Naples,spring,south,8,18,1,0
Naples,spring,south,8,18,2,0
Naples,spring,south,8,18,3,11.8
Naples,spring,south,8,18,4,11.8
Naples,spring,south,8,18,5,11.8
Naples,spring,south,12,18,0,0
Naples,spring,south,12,18,1,0.3
Naples,spring,south,12,18,2,11.8
Naples,spring,south,12,18,3,11.8
Naples,spring,south,12,18,4,11.8
Naples,spring,south,12,18,5,11.8
Naples,spring,south,20,18,0,11.8
Naples,spring,south,20,18,1,11.8
Naples,spring,south,20,18,2,11.8
Naples,spring,south,20,18,3,11.8
Naples,spring,south,20,18,4,11.8
Naples,spring,south,20,18,5,11.8
Naples,spring,south,30,18,0,11.8
Naples,spring,south,30,18,1,11.8
Naples,spring,south,30,18,2,11.8
Naples,spring,south,30,18,3,11.8
Naples,spring,south,30,18,4,11.8
Naples,spring,south,30,18,5,11.8
Naples,spring,east_or_west,8,18,0,1.2
Naples,spring,east_or_west,8,18,1,1.5
Naples,spring,east_or_west,8,18,2,1.9
Naples,spring,east_or_west,8,18,3,2.5
Naples,spring,east_or_west,8,18,4,3.4
Naples,spring,east_or_west,8,18,5,5
Naples,spring,east_or_west,12,18,0,1.8
Naples,spring,east_or_west,12,18,1,2.2
Naples,spring,east_or_west,12,18,2,2.6
Naples,spring,east_or_west,12,18,3,3.3
Naples,spring,east_or_west,12,18,4,4.2
Naples,spring,east_or_west,12,18,5,5.3
Naples,spring,east_or_west,20,18,0,2.8
Naples,spring,east_or_west,20,18,1,3.2
Naples,spring,east_or_west,20,18,2,3.6
Naples,spring,east_or_west,20,18,3,4.2
Naples,spring,east_or_west,20,18,4,4.8
Naples,spring,east_or_west,20,18,5,5.6
Naples,spring,east_or_west,30,18,0,3.5
Naples,spring,east_or_west,30,18,1,3.8
Naples,spring,east_or_west,30,18,2,4.3
Naples,spring,east_or_west,30,18,3,4.7
Naples,spring,east_or_west,30,18,4,5.2
Naples,spring,east_or_west,30,18,5,5.7
Naples,summer,south,8,18,0,7.7
Naples,summer,south,8,18,1,7.7
Naples,summer,south,8,18,2,7.7
Naples,summer,south,8,18,3,7.7
Naples,summer,south,8,18,4,7.7
Naples,summer,south,8,18,5,7.7
Naples,summer,south,12,18,0,7.7
Naples,summer,south,12,18,1,7.7
Naples,summer,south,12,18,2,7.7
Naples,summer,south,12,18,3,7.7
Naples,summer,south,12,18,4,7.7
Naples,summer,south,12,18,5,7.7
Naples,summer,south,20,18,0,7.7
Naples,summer,south,20,18,1,7.7
Naples,summer,south,20,18,2,7.7
Naples,summer,south,20,18,3,7.7
Naples,summer,south,20,18,4,7.7
Naples,summer,south,20,18,5,7.7
Naples,summer,south,30,18,0,7.7
Naples,summer,south,30,18,1,7.7
Naples,summer,south,30,18,2,7.7
Naples,summer,south,30,18,3,7.7
Naples,summer,south,30,18,4,7.7
Naples,summer,south,30,18,5,7.7
Naples,summer,east_or_west,8,18,0,1.7
Naples,summer,east_or_west,8,18,1,2.1
Naples,summer,east_or_west,8,18,2,2.6
Naples,summer,east_or_west,8,18,3,3.4
Naples,summer,east_or_west,8,18,4,4.6
Naples,summer,east_or_west,8,18,5,6.4
Naples,summer,east_or_west,12,18,0,2.5
Naples,summer,east_or_west,12,18,1,3
Naples,summer,east_or_west,12,18,2,3.6
Naples,summer,east_or_west,12,18,3,4.4
Naples,summer,east_or_west,12,18,4,5.5
Naples,summer,east_or_west,12,18,5,6.7
Naples,summer,east_or_west,20,18,0,3.8
Naples,summer,east_or_west,20,18,1,4.3
Naples,summer,east_or_west,20,18,2,4.8
Naples,summer,east_or_west,20,18,3,5.5
Naples,summer,east_or_west,20,18,4,6.2
Naples,summer,east_or_west,20,18,5,7.1
Naples,summer,east_or_west,30,18,0,4.8
Naples,summer,east_or_west,30,18,1,5.2
Naples,summer,east_or_west,30,18,2,5.6
Naples,summer,east_or_west,30,18,3,6.2
Naples,summer,east_or_west,30,18,4,6.7
Naples,summer,east_or_west,30,18,5,7.2
Naples,autumn,south,8,18,0,0
Naples,autumn,south,8,18,1,0
Naples,autumn,south,8,18,2,0.6
Naples,autumn,south,8,18,3,11.7
Naples,autumn,south,8,18,4,11.7
Naples,autumn,south,8,18,5,11.7
Naples,autumn,south,12,18,0,0.4
Naples,autumn,south,12,18,1,11.7
Naples,autumn,south,12,18,2,11.7
Naples,autumn,south,12,18,3,11.7
Naples,autumn,south,12,18,4,11.7
Naples,autumn,south,12,18,5,11.7
Naples,autumn,south,20,18,0,11.7
Naples,autumn,south,20,18,1,11.7
Naples,autumn,south,20,18,2,11.7
Naples,autumn,south,20,18,3,11.7
Naples,autumn,south,20,18,4,11.7
Naples,autumn,south,20,18,5,11.7
Naples,autumn,south,30,18,0,11.7
Naples,autumn,south,30,18,1,11.7
Naples,autumn,south,30,18,2,11.7
Naples,autumn,south,30,18,3,11.7
Naples,autumn,south,30,18,4,11.7
Naples,autumn,south,30,18,5,11.7
Naples,autumn,east_or_west,8,18,0,1.2
Naples,autumn,east_or_west,8,18,1,1.5
Naples,autumn,east_or_west,8,18,2,1.9
Naples,autumn,east_or_west,8,18,3,2.5
Naples,autumn,east_or_west,8,18,4,3.5
Naples,autumn,east_or_west,8,18,5,5
Naples,autumn,east_or_west,12,18,0,1.8
Naples,autumn,east_or_west,12,18,1,2.2
Naples,autumn,east_or_west,12,18,2,2.7
Naples,autumn,east_or_west,12,18,3,3.3
Naples,autumn,east_or_west,12,18,4,4.2
Naples,autumn,east_or_west,12,18,5,5.3
Naples,autumn,east_or_west,20,18,0,2.8
Naples,autumn,east_or_west,20,18,1,3.2
Naples,autumn,east_or_west,20,18,2,3.6
Naples,autumn,east_or_west,20,18,3,4.2
Naples,autumn,east_or_west,20,18,4,4.8
Naples,autumn,east_or_west,20,18,5,5.6
Naples,autumn,east_or_west,30,18,0,3.6
Naples,autumn,east_or_west,30,18,1,3.9
Naples,autumn,east_or_west,30,18,2,4.3
Naples,autumn,east_or_west,30,18,3,4.8
Naples,autumn,east_or_west,30,18,4,5.2
Naples,autumn,east_or_west,30,18,5,5.7
Naples,winter,south,8,18,0,0
Naples,winter,south,8,18,1,0
Naples,winter,south,8,18,2,0
Naples,winter,south,8,18,3,0
Naples,winter,south,8,18,4,0
Naples,winter,south,8,18,5,7.6
Naples,winter,south,12,18,0,0
Naples,winter,south,12,18,1,0
Naples,winter,south,12,18,2,0
Naples,winter,south,12,18,3,0
Naples,winter,south,12,18,4,4.8
Naples,winter,south,12,18,5,8.2
Naples,winter,south,20,18,0,0
Naples,winter,south,20,18,1,0
Naples,winter,south,20,18,2,0
Naples,winter,south,20,18,3,4.9
Naples,winter,south,20,18,4,7.2
Naples,winter,south,20,18,5,8.6
Naples,winter,south,30,18,0,0
Naples,winter,south,30,18,1,2.7
Naples,winter,south,30,18,2,5.4
Naples,winter,south,30,18,3,6.9
Naples,winter,south,30,18,4,8
Naples,winter,south,30,18,5,8.8
Naples,winter,east_or_west,8,18,0,0.8
Naples,winter,east_or_west,8,18,1,0.9
Naples,winter,east_or_west,8,18,2,1.2
Naples,winter,east_or_west,8,18,3,1.6
Naples,winter,east_or_west,8,18,4,2.2
Naples,winter,east_or_west,8,18,5,3.6
Naples,winter,east_or_west,12,18,0,1.2
Naples,winter,east_or_west,12,18,1,1.3
Naples,winter,east_or_west,12,18,2,1.7
Naples,winter,east_or_west,12,18,3,2.2
Naples,winter,east_or_west,12,18,4,2.8
Naples,winter,east_or_west,12,18,5,3.8
Naples,winter,east_or_west,20,18,0,1.7
Naples,winter,east_or_west,20,18,1,2.1
Naples,winter,east_or_west,20,18,2,2.4
Naples,winter,east_or_west,20,18,3,2.8
Naples,winter,east_or_west,20,18,4,3.4
Naples,winter,east_or_west,20,18,5,4.1
Naples,winter,east_or_west,30,18,0,2.3
Naples,winter,east_or_west,30,18,1,2.7
Naples,winter,east_or_west,30,18,2,2.9
Naples,winter,east_or_west,30,18,3,3.3
Naples,winter,east_or_west,30,18,4,3.8
Naples,winter,east_or_west,30,18,5,4.3
Madrid,spring,south,8,18,0,0
Madrid,spring,south,8,18,1,0
Madrid,spring,south,8,18,2,0
Madrid,spring,south,8,18,3,11.8
Madrid,spring,south,8,18,4,11.8
Madrid,spring,south,8,18,5,11.8
Madrid,spring,south,12,18,0,0
Madrid,spring,south,12,18,1,10.3
Madrid,spring,south,12,18,2,11.8
Madrid,spring,south,12,18,3,11.8
Madrid,spring,south,12,18,4,11.8
Madrid,spring,south,12,18,5,11.8
Madrid,spring,south,20,18,0,11.8
Madrid,spring,south,20,18,1,11.8
Madrid,spring,south,20,18,2,11.8
Madrid,spring,south,20,18,3,11.8
Madrid,spring,south,20,18,4,11.8
Madrid,spring,south,20,18,5,11.8
Madrid,spring,south,30,18,0,11.8
Madrid,spring,south,30,18,1,11.8
Madrid,spring,south,30,18,2,11.8
Madrid,spring,south,30,18,3,11.8
Madrid,spring,south,30,18,4,11.8
Madrid,spring,south,30,18,5,11.8
Madrid,spring,east_or_west,8,18,0,1.2
Madrid,spring,east_or_west,8,18,1,1.5
Madrid,spring,east_or_west,8,18,2,1.8
Madrid,spring,east_or_west,8,18,3,2.4
Madrid,spring,east_or_west,8,18,4,3.4
Madrid,spring,east_or_west,8,18,5,4.9
Madrid,spring,east_or_west,12,18,0,1.8
Madrid,spring,east_or_west,12,18,1,2.2
Madrid,spring,east_or_west,12,18,2,2.6
Madrid,spring,east_or_west,12,18,3,3.3
Madrid,spring,east_or_west,12,18,4,4.1
Madrid,spring,east_or_west,12,18,5,5.2
Madrid,spring,east_or_west,20,18,0,2.8
Madrid,spring,east_or_west,20,18,1,3.1
Madrid,spring,east_or_west,20,18,2,3.6
Madrid,spring,east_or_west,20,18,3,4.2
Madrid,spring,east_or_west,20,18,4,4.8
Madrid,spring,east_or_west,20,18,5,5.5
Madrid,spring,east_or_west,30,18,0,3.5
Madrid,spring,east_or_west,30,18,1,3.8
Madrid,spring,east_or_west,30,18,2,4.3
Madrid,spring,east_or_west,30,18,3,4.7
Madrid,spring,east_or_west,30,18,4,5.2
Madrid,spring,east_or_west,30,18,5,5.7
Madrid,summer,south,8,18,0,7.7
Madrid,summer,south,8,18,1,7.7
Madrid,summer,south,8,18,2,7.7
Madrid,summer,south,8,18,3,7.7
Madrid,summer,south,8,18,4,7.7
Madrid,summer,south,8,18,5,7.7
Madrid,summer,south,12,18,0,7.7
Madrid,summer,south,12,18,1,7.7
Madrid,summer,south,12,18,2,7.7
Madrid,summer,south,12,18,3,7.7
Madrid,summer,south,12,18,4,7.7
Madrid,summer,south,12,18,5,7.7
Madrid,summer,south,20,18,0,7.7
Madrid,summer,south,20,18,1,7.7
Madrid,summer,south,20,18,2,7.7
Madrid,summer,south,20,18,3,7.7
Madrid,summer,south,20,18,4,7.7
Madrid,summer,south,20,18,5,7.7
Madrid,summer,south,30,18,0,7.7
Madrid,summer,south,30,18,1,7.7
Madrid,summer,south,30,18,2,7.7
Madrid,summer,south,30,18,3,7.7
Madrid,summer,south,30,18,4,7.7
Madrid,summer,south,30,18,5,7.7
Madrid,summer,east_or_west,8,18,0,1.8
Madrid,summer,east_or_west,8,18,1,2.2
Madrid,summer,east_or_west,8,18,2,2.7
Madrid,summer,east_or_west,8,18,3,3.4
Madrid,summer,east_or_west,8,18,4,4.7
Madrid,summer,east_or_west,8,18,5,6.5
Madrid,summer,east_or_west,12,18,0,2.6
Madrid,summer,east_or_west,12,18,1,3
Madrid,summer,east_or_west,12,18,2,3.7
Madrid,summer,east_or_west,12,18,3,4.4
Madrid,summer,east_or_west,12,18,4,5.5
Madrid,summer,east_or_west,12,18,5,6.8
Madrid,summer,east_or_west,20,18,0,3.8
Madrid,summer,east_or_west,20,18,1,4.3
Madrid,summer,east_or_west,20,18,2,4.8
Madrid,summer,east_or_west,20,18,3,5.5
Madrid,summer,east_or_west,20,18,4,6.2
Madrid,summer,east_or_west,20,18,5,7.1
Madrid,summer,east_or_west,30,18,0,4.8
Madrid,summer,east_or_west,30,18,1,5.2
Madrid,summer,east_or_west,30,18,2,5.7
Madrid,summer,east_or_west,30,18,3,6.2
Madrid,summer,east_or_west,30,18,4,6.7
Madrid,summer,east_or_west,30,18,5,7.2
Madrid,autumn,south,8,18,0,0
Madrid,autumn,south,8,18,1,0.1
Madrid,autumn,south,8,18,2,0.5
Madrid,autumn,south,8,18,3,11.7
Madrid,autumn,south,8,18,4,11.7
Madrid,autumn,south,8,18,5,11.7
Madrid,autumn,south,12,18,0,0.4
Madrid,autumn,south,12,18,1,11.7
Madrid,autumn,south,12,18,2,11.7
Madrid,autumn,south,12,18,3,11.7
Madrid,autumn,south,12,18,4,11.7
Madrid,autumn,south,12,18,5,11.7
Madrid,autumn,south,20,18,0,11.7
Madrid,autumn,south,20,18,1,11.7
Madrid,autumn,south,20,18,2,11.7
Madrid,autumn,south,20,18,3,11.7
Madrid,autumn,south,20,18,4,11.7
Madrid,autumn,south,20,18,5,11.7
Madrid,autumn,south,30,18,0,11.7
Madrid,autumn,south,30,18,1,11.7
Madrid,autumn,south,30,18,2,11.7
Madrid,autumn,south,30,18,3,11.7
Madrid,autumn,south,30,18,4,11.7
Madrid,autumn,south,30,18,5,11.7
Madrid,autumn,east_or_west,8,18,0,1.3
Madrid,autumn,east_or_west,8,18,1,1.6
Madrid,autumn,east_or_west,8,18,2,2
Madrid,autumn,east_or_west,8,18,3,2.6
Madrid,autumn,east_or_west,8,18,4,3.5
Madrid,autumn,east_or_west,8,18,5,5.1
Madrid,autumn,east_or_west,12,18,0,1.9
Madrid,autumn,east_or_west,12,18,1,2.2
Madrid,autumn,east_or_west,12,18,2,2.7
Madrid,autumn,east_or_west,12,18,3,3.3
Madrid,autumn,east_or_west,12,18,4,4.3
Madrid,autumn,east_or_west,12,18,5,5.4
Madrid,autumn,east_or_west,20,18,0,2.8
Madrid,autumn,east_or_west,20,18,1,3.3
Madrid,autumn,east_or_west,20,18,2,3.7
Madrid,autumn,east_or_west,20,18,3,4.3
Madrid,autumn,east_or_west,20,18,4,4.9
Madrid,autumn,east_or_west,20,18,5,5.7
Madrid,autumn,east_or_west,30,18,0,3.6
Madrid,autumn,east_or_west,30,18,1,4
Madrid,autumn,east_or_west,30,18,2,4.3
Madrid,autumn,east_or_west,30,18,3,4.8
Madrid,autumn,east_or_west,30,18,4,5.2
Madrid,autumn,east_or_west,30,18,5,5.7
Madrid,winter,south,8,18,0,0
Madrid,winter,south,8,18,1,0
Madrid,winter,south,8,18,2,0
Madrid,winter,south,8,18,3,0
Madrid,winter,south,8,18,4,0
Madrid,winter,south,8,18,5,7.7
Madrid,winter,south,12,18,0,0
Madrid,winter,south,12,18,1,0
Madrid,winter,south,12,18,2,0
Madrid,winter,south,12,18,3,0
Madrid,winter,south,12,18,4,5
Madrid,winter,south,12,18,5,8.2
Madrid,winter,south,20,18,0,0
Madrid,winter,south,20,18,1,0
Madrid,winter,south,20,18,2,0
Madrid,winter,south,20,18,3,5.1
Madrid,winter,south,20,18,4,7.3
Madrid,winter,south,20,18,5,8.7
Madrid,winter,south,30,18,0,0
Madrid,winter,south,30,18,1,3.1
Madrid,winter,south,30,18,2,5.6
Madrid,winter,south,30,18,3,7
Madrid,winter,south,30,18,4,8
Madrid,winter,south,30,18,5,8.8
Madrid,winter,east_or_west,8,18,0,0.8
Madrid,winter,east_or_west,8,18,1,0.9
Madrid,winter,east_or_west,8,18,2,1.2
Madrid,winter,east_or_west,8,18,3,1.6
Madrid,winter,east_or_west,8,18,4,2.2
Madrid,winter,east_or_west,8,18,5,3.6
Madrid,winter,east_or_west,12,18,0,1.2
Madrid,winter,east_or_west,12,18,1,1.3
Madrid,winter,east_or_west,12,18,2,1.7
Madrid,winter,east_or_west,12,18,3,2.2
Madrid,winter,east_or_west,12,18,4,2.8
Madrid,winter,east_or_west,12,18,5,3.8
Madrid,winter,east_or_west,20,18,0,1.7
Madrid,winter,east_or_west,20,18,1,2.1
Madrid,winter,east_or_west,20,18,2,2.4
Madrid,winter,east_or_west,20,18,3,2.8
Madrid,winter,east_or_west,20,18,4,3.4
Madrid,winter,east_or_west,20,18,5,4.1
Madrid,winter,east_or_west,30,18,0,2.3
Madrid,winter,east_or_west,30,18,1,2.7
Madrid,winter,east_or_west,30,18,2,2.9
Madrid,winter,east_or_west,30,18,3,3.3
Madrid,winter,east_or_west,30,18,4,3.8
Madrid,winter,east_or_west,30,18,5,4.3
Barcelona,spring,south,8,18,0,0
Barcelona,spring,south,8,18,1,0
Barcelona,spring,south,8,18,2,0
Barcelona,spring,south,8,18,3,11.8
Barcelona,spring,south,8,18,4,11.8
Barcelona,spring,south,8,18,5,11.8
Barcelona,spring,south,12,18,0,0
Barcelona,spring,south,12,18,1,0.2
Barcelona,spring,south,12,18,2,11.8
Barcelona,spring,south,12,18,3,11.8
Barcelona,spring,south,12,18,4,11.8
Barcelona,spring,south,12,18,5,11.8
Barcelona,spring,south,20,18,0,11.8
Barcelona,spring,south,20,18,1,11.8
Barcelona,spring,south,20,18,2,11.8
Barcelona,spring,south,20,18,3,11.8
Barcelona,spring,south,20,18,4,11.8
Barcelona,spring,south,20,18,5,11.8
Barcelona,spring,south,30,18,0,11.8
Barcelona,spring,south,30,18,1,11.8
Barcelona,spring,south,30,18,2,11.8
Barcelona,spring,south,30,18,3,11.8
Barcelona,spring,south,30,18,4,11.8
Barcelona,spring,south,30,18,5,11.8
Barcelona,spring,east_or_west,8,18,0,1.2
Barcelona,spring,east_or_west,8,18,1,1.5
Barcelona,spring,east_or_west,8,18,2,1.9
Barcelona,spring,east_or_west,8,18,3,2.5
Barcelona,spring,east_or_west,8,18,4,3.4
Barcelona,spring,east_or_west,8,18,5,5
Barcelona,spring,east_or_west,12,18,0,1.8
Barcelona,spring,east_or_west,12,18,1,2.2
Barcelona,spring,east_or_west,12,18,2,2.7
Barcelona,spring,east_or_west,12,18,3,3.3
Barcelona,spring,east_or_west,12,18,4,4.2
Barcelona,spring,east_or_west,12,18,5,5.3
Barcelona,spring,east_or_west,20,18,0,2.8
Barcelona,spring,east_or_west,20,18,1,3.2
Barcelona,spring,east_or_west,20,18,2,3.6
Barcelona,spring,east_or_west,20,18,3,4.2
Barcelona,spring,east_or_west,20,18,4,4.8
Barcelona,spring,east_or_west,20,18,5,5.6
Barcelona,spring,east_or_west,30,18,0,3.5
Barcelona,spring,east_or_west,30,18,1,3.9
Barcelona,spring,east_or_west,30,18,2,4.3
Barcelona,spring,east_or_west,30,18,3,4.8
Barcelona,spring,east_or_west,30,18,4,5.2
Barcelona,spring,east_or_west,30,18,5,5.7
Barcelona,summer,south,8,18,0,7.8
Barcelona,summer,south,8,18,1,7.8
Barcelona,summer,south,8,18,2,7.8
Barcelona,summer,south,8,18,3,7.8
Barcelona,summer,south,8,18,4,7.8
Barcelona,summer,south,8,18,5,7.8
Barcelona,summer,south,12,18,0,7.8
Barcelona,summer,south,12,18,1,7.8
Barcelona,summer,south,12,18,2,7.8
Barcelona,summer,south,12,18,3,7.8
Barcelona,summer,south,12,18,4,7.8
Barcelona,summer,south,12,18,5,7.8
Barcelona,summer,south,20,18,0,7.8
Barcelona,summer,south,20,18,1,7.8
Barcelona,summer,south,20,18,2,7.8
Barcelona,summer,south,20,18,3,7.8
Barcelona,summer,south,20,18,4,7.8
Barcelona,summer,south,20,18,5,7.8
Barcelona,summer,south,30,18,0,7.8
Barcelona,summer,south,30,18,1,7.8
Barcelona,summer,south,30,18,2,7.8
Barcelona,summer,south,30,18,3,7.8
Barcelona,summer,south,30,18,4,7.8
Barcelona,summer,south,30,18,5,7.8
Barcelona,summer,east_or_west,8,18,0,1.7
Barcelona,summer,east_or_west,8,18,1,2.1
Barcelona,summer,east_or_west,8,18,2,2.7
Barcelona,summer,east_or_west,8,18,3,3.4
Barcelona,summer,east_or_west,8,18,4,4.7
Barcelona,summer,east_or_west,8,18,5,6.5
Barcelona,summer,east_or_west,12,18,0,2.6
Barcelona,summer,east_or_west,12,18,1,3
Barcelona,summer,east_or_west,12,18,2,3.6
Barcelona,summer,east_or_west,12,18,3,4.4
Barcelona,summer,east_or_west,12,18,4,5.5
Barcelona,summer,east_or_west,12,18,5,6.8
Barcelona,summer,east_or_west,20,18,0,3.8
Barcelona,summer,east_or_west,20,18,1,4.3
Barcelona,summer,east_or_west,20,18,2,4.8
Barcelona,summer,east_or_west,20,18,3,5.5
Barcelona,summer,east_or_west,20,18,4,6.3
Barcelona,summer,east_or_west,20,18,5,7.1
Barcelona,summer,east_or_west,30,18,0,4.8
Barcelona,summer,east_or_west,30,18,1,5.2
Barcelona,summer,east_or_west,30,18,2,5.7
Barcelona,summer,east_or_west,30,18,3,6.2
Barcelona,summer,east_or_west,30,18,4,6.7
Barcelona,summer,east_or_west,30,18,5,7.2
Barcelona,autumn,south,8,18,0,0
Barcelona,autumn,south,8,18,1,0.1
Barcelona,autumn,south,8,18,2,0.5
Barcelona,autumn,south,8,18,3,11.8
Barcelona,autumn,south,8,18,4,11.8
Barcelona,autumn,south,8,18,5,11.8
Barcelona,autumn,south,12,18,0,0.4
Barcelona,autumn,south,12,18,1,11.8
Barcelona,autumn,south,12,18,2,11.8
Barcelona,autumn,south,12,18,3,11.8
Barcelona,autumn,south,12,18,4,11.8
Barcelona,autumn,south,12,18,5,11.8
Barcelona,autumn,south,20,18,0,11.8
Barcelona,autumn,south,20,18,1,11.8
Barcelona,autumn,south,20,18,2,11.8
Barcelona,autumn,south,20,18,3,11.8
Barcelona,autumn,south,20,18,4,11.8
Barcelona,autumn,south,20,18,5,11.8
Barcelona,autumn,south,30,18,0,11.8
Barcelona,autumn,south,30,18,1,11.8
Barcelona,autumn,south,30,18,2,11.8
Barcelona,autumn,south,30,18,3,11.8
Barcelona,autumn,south,30,18,4,11.8
Barcelona,autumn,south,30,18,5,11.8
Barcelona,autumn,east_or_west,8,18,0,1.2
Barcelona,autumn,east_or_west,8,18,1,1.5
Barcelona,autumn,east_or_west,8,18,2,1.9
Barcelona,autumn,east_or_west,8,18,3,2.5
Barcelona,autumn,east_or_west,8,18,4,3.5
Barcelona,autumn,east_or_west,8,18,5,5
Barcelona,autumn,east_or_west,12,18,0,1.8
Barcelona,autumn,east_or_west,12,18,1,2.2
Barcelona,autumn,east_or_west,12,18,2,2.7
Barcelona,autumn,east_or_west,12,18,3,3.3
Barcelona,autumn,east_or_west,12,18,4,4.2
Barcelona,autumn,east_or_west,12,18,5,5.3
Barcelona,autumn,east_or_west,20,18,0,2.8
Barcelona,autumn,east_or_west,20,18,1,3.2
Barcelona,autumn,east_or_west,20,18,2,3.7
Barcelona,autumn,east_or_west,20,18,3,4.2
Barcelona,autumn,east_or_west,20,18,4,4.8
Barcelona,autumn,east_or_west,20,18,5,5.6
Barcelona,autumn,east_or_west,30,18,0,3.6
Barcelona,autumn,east_or_west,30,18,1,3.9
Barcelona,autumn,east_or_west,30,18,2,4.3
Barcelona,autumn,east_or_west,30,18,3,4.8
Barcelona,autumn,east_or_west,30,18,4,5.2
Barcelona,autumn,east_or_west,30,18,5,5.7
Barcelona,winter,south,8,18,0,0
Barcelona,winter,south,8,18,1,0
Barcelona,winter,south,8,18,2,0
Barcelona,winter,south,8,18,3,0
Barcelona,winter,south,8,18,4,0
Barcelona,winter,south,8,18,5,7.4
Barcelona,winter,south,12,18,0,0
Barcelona,winter,south,12,18,1,0
Barcelona,winter,south,12,18,2,0
Barcelona,winter,south,12,18,3,0
Barcelona,winter,south,12,18,4,4.6
Barcelona,winter,south,12,18,5,8.1
Barcelona,winter,south,20,18,0,0
Barcelona,winter,south,20,18,1,0
Barcelona,winter,south,20,18,2,0
Barcelona,winter,south,20,18,3,4.7
Barcelona,winter,south,20,18,4,7.1
Barcelona,winter,south,20,18,5,8.6
Barcelona,winter,south,30,18,0,0
Barcelona,winter,south,30,18,1,2.1
Barcelona,winter,south,30,18,2,5.2
Barcelona,winter,south,30,18,3,6.7
Barcelona,winter,south,30,18,4,7.9
Barcelona,winter,south,30,18,5,8.7
Barcelona,winter,east_or_west,8,18,0,0.8
Barcelona,winter,east_or_west,8,18,1,0.9
Barcelona,winter,east_or_west,8,18,2,1.2
Barcelona,winter,east_or_west,8,18,3,1.6
Barcelona,winter,east_or_west,8,18,4,2.2
Barcelona,winter,east_or_west,8,18,5,3.6
Barcelona,winter,east_or_west,12,18,0,1.2
Barcelona,winter,east_or_west,12,18,1,1.3
Barcelona,winter,east_or_west,12,18,2,1.7
Barcelona,winter,east_or_west,12,18,3,2.2
Barcelona,winter,east_or_west,12,18,4,2.8
Barcelona,winter,east_or_west,12,18,5,3.8
Barcelona,winter,east_or_west,20,18,0,1.7
Barcelona,winter,east_or_west,20,18,1,2.1
Barcelona,winter,east_or_west,20,18,2,2.4
Barcelona,winter,east_or_west,20,18,3,2.8
Barcelona,winter,east_or_west,20,18,4,3.4
Barcelona,winter,east_or_west,20,18,5,4.1
Barcelona,winter,east_or_west,30,18,0,2.3
Barcelona,winter,east_or_west,30,18,1,2.6
Barcelona,winter,east_or_west,30,18,2,2.9
Barcelona,winter,east_or_west,30,18,3,3.3
Barcelona,winter,east_or_west,30,18,4,3.8
Barcelona,winter,east_or_west,30,18,5,4.3
Lisbon,spring,south,8,18,0,0
Lisbon,spring,south,8,18,1,0
Lisbon,spring,south,8,18,2,0
Lisbon,spring,south,8,18,3,11.8
Lisbon,spring,south,8,18,4,11.8
Lisbon,spring,south,8,18,5,11.8
Lisbon,spring,south,12,18,0,0
Lisbon,spring,south,12,18,1,11.7
Lisbon,spring,south,12,18,2,11.8
Lisbon,spring,south,12,18,3,11.8
Lisbon,spring,south,12,18,4,11.8
Lisbon,spring,south,12,18,5,11.8
Lisbon,spring,south,20,18,0,11.8
Lisbon,spring,south,20,18,1,11.8
Lisbon,spring,south,20,18,2,11.8
Lisbon,spring,south,20,18,3,11.8
Lisbon,spring,south,20,18,4,11.8
Lisbon,spring,south,20,18,5,11.8
Lisbon,spring,south,30,18,0,11.8
Lisbon,spring,south,30,18,1,11.8
Lisbon,spring,south,30,18,2,11.8
Lisbon,spring,south,30,18,3,11.8
Lisbon,spring,south,30,18,4,11.8
Lisbon,spring,south,30,18,5,11.8
Lisbon,spring,east_or_west,8,18,0,1.3
Lisbon,spring,east_or_west,8,18,1,1.6
Lisbon,spring,east_or_west,8,18,2,1.9
Lisbon,spring,east_or_west,8,18,3,2.6
Lisbon,spring,east_or_west,8,18,4,3.5
Lisbon,spring,east_or_west,8,18,5,5
Lisbon,spring,east_or_west,12,18,0,1.9
Lisbon,spring,east_or_west,12,18,1,2.2
Lisbon,spring,east_or_west,12,18,2,2.7
Lisbon,spring,east_or_west,12,18,3,3.3
Lisbon,spring,east_or_west,12,18,4,4.3
Lisbon,spring,east_or_west,12,18,5,5.3
Lisbon,spring,east_or_west,20,18,0,2.8
Lisbon,spring,east_or_west,20,18,1,3.3
Lisbon,spring,east_or_west,20,18,2,3.7
Lisbon,spring,east_or_west,20,18,3,4.3
Lisbon,spring,east_or_west,20,18,4,4.8
Lisbon,spring,east_or_west,20,18,5,5.6
Lisbon,spring,east_or_west,30,18,0,3.6
Lisbon,spring,east_or_west,30,18,1,3.9
Lisbon,spring,east_or_west,30,18,2,4.3
Lisbon,spring,east_or_west,30,18,3,4.8
Lisbon,spring,east_or_west,30,18,4,5.2
Lisbon,spring,east_or_west,30,18,5,5.7
Lisbon,summer,south,8,18,0,7.4
Lisbon,summer,south,8,18,1,7.4
Lisbon,summer,south,8,18,2,7.4
Lisbon,summer,south,8,18,3,7.4
Lisbon,summer,south,8,18,4,7.4
Lisbon,summer,south,8,18,5,7.4
Lisbon,summer,south,12,18,0,7.4
Lisbon,summer,south,12,18,1,7.4
Lisbon,summer,south,12,18,2,7.4
Lisbon,summer,south,12,18,3,7.4
Lisbon,summer,south,12,18,4,7.4
Lisbon,summer,south,12,18,5,7.4
Lisbon,summer,south,20,18,0,7.4
Lisbon,summer,south,20,18,1,7.4
Lisbon,summer,south,20,18,2,7.4
Lisbon,summer,south,20,18,3,7.4
Lisbon,summer,south,20,18,4,7.4
Lisbon,summer,south,20,18,5,7.4
Lisbon,summer,south,30,18,0,7.4
Lisbon,summer,south,30,18,1,7.4
Lisbon,summer,south,30,18,2,7.4
Lisbon,summer,south,30,18,3,7.4
Lisbon,summer,south,30,18,4,7.4
Lisbon,summer,south,30,18,5,7.4
Lisbon,summer,east_or_west,8,18,0,1.7
Lisbon,summer,east_or_west,8,18,1,2.2
Lisbon,summer,east_or_west,8,18,2,2.7
Lisbon,summer,east_or_west,8,18,3,3.4
Lisbon,summer,east_or_west,8,18,4,4.6
Lisbon,summer,east_or_west,8,18,5,6.4
Lisbon,summer,east_or_west,12,18,0,2.6
Lisbon,summer,east_or_west,12,18,1,3
Lisbon,summer,east_or_west,12,18,2,3.6
Lisbon,summer,east_or_west,12,18,3,4.4
Lisbon,summer,east_or_west,12,18,4,5.4
Lisbon,summer,east_or_west,12,18,5,6.7
Lisbon,summer,east_or_west,20,18,0,3.8
Lisbon,summer,east_or_west,20,18,1,4.3
Lisbon,summer,east_or_west,20,18,2,4.8
Lisbon,summer,east_or_west,20,18,3,5.5
Lisbon,summer,east_or_west,20,18,4,6.2
Lisbon,summer,east_or_west,20,18,5,7
Lisbon,summer,east_or_west,30,18,0,4.8
Lisbon,summer,east_or_west,30,18,1,5.2
Lisbon,summer,east_or_west,30,18,2,5.6
Lisbon,summer,east_or_west,30,18,3,6.1
Lisbon,summer,east_or_west,30,18,4,6.6
Lisbon,summer,east_or_west,30,18,5,7.1
Lisbon,autumn,south,8,18,0,0
Lisbon,autumn,south,8,18,1,0.2
Lisbon,autumn,south,8,18,2,1.2
Lisbon,autumn,south,8,18,3,11.8
Lisbon,autumn,south,8,18,4,11.8
Lisbon,autumn,south,8,18,5,11.8
Lisbon,autumn,south,12,18,0,0.8
Lisbon,autumn,south,12,18,1,11.8
Lisbon,autumn,south,12,18,2,11.8
Lisbon,autumn,south,12,18,3,11.8
Lisbon,autumn,south,12,18,4,11.8
Lisbon,autumn,south,12,18,5,11.8
Lisbon,autumn,south,20,18,0,11.8
Lisbon,autumn,south,20,18,1,11.8
Lisbon,autumn,south,20,18,2,11.8
Lisbon,autumn,south,20,18,3,11.8
Lisbon,autumn,south,20,18,4,11.8
Lisbon,autumn,south,20,18,5,11.8
Lisbon,autumn,south,30,18,0,11.8
Lisbon,autumn,south,30,18,1,11.8
Lisbon,autumn,south,30,18,2,11.8
Lisbon,autumn,south,30,18,3,11.8
Lisbon,autumn,south,30,18,4,11.8
Lisbon,autumn,south,30,18,5,11.8
Lisbon,autumn,east_or_west,8,18,0,1.3
Lisbon,autumn,east_or_west,8,18,1,1.6
Lisbon,autumn,east_or_west,8,18,2,2
Lisbon,autumn,east_or_west,8,18,3,2.6
Lisbon,autumn,east_or_west,8,18,4,3.5
Lisbon,autumn,east_or_west,8,18,5,5.1
Lisbon,autumn,east_or_west,12,18,0,1.9
Lisbon,autumn,east_or_west,12,18,1,2.2
Lisbon,autumn,east_or_west,12,18,2,2.8
Lisbon,autumn,east_or_west,12,18,3,3.3
Lisbon,autumn,east_or_west,12,18,4,4.3
Lisbon,autumn,east_or_west,12,18,5,5.4
Lisbon,autumn,east_or_west,20,18,0,2.8
Lisbon,autumn,east_or_west,20,18,1,3.3
Lisbon,autumn,east_or_west,20,18,2,3.7
Lisbon,autumn,east_or_west,20,18,3,4.3
Lisbon,autumn,east_or_west,20,18,4,4.9
Lisbon,autumn,east_or_west,20,18,5,5.7
Lisbon,autumn,east_or_west,30,18,0,3.6
Lisbon,autumn,east_or_west,30,18,1,4
Lisbon,autumn,east_or_west,30,18,2,4.3
Lisbon,autumn,east_or_west,30,18,3,4.8
Lisbon,autumn,east_or_west,30,18,4,5.2
Lisbon,autumn,east_or_west,30,18,5,5.7
Lisbon,winter,south,8,18,0,0
Lisbon,winter,south,8,18,1,0
Lisbon,winter,south,8,18,2,0
Lisbon,winter,south,8,18,3,0
Lisbon,winter,south,8,18,4,0
Lisbon,winter,south,8,18,5,7.9
Lisbon,winter,south,12,18,0,0
Lisbon,winter,south,12,18,1,0
Lisbon,winter,south,12,18,2,0
Lisbon,winter,south,12,18,3,0
Lisbon,winter,south,12,18,4,5.6
Lisbon,winter,south,12,18,5,8.4
Lisbon,winter,south,20,18,0,0
Lisbon,winter,south,20,18,1,0
Lisbon,winter,south,20,18,2,0
Lisbon,winter,south,20,18,3,5.7
Lisbon,winter,south,20,18,4,7.6
Lisbon,winter,south,20,18,5,8.9
Lisbon,winter,south,30,18,0,0
Lisbon,winter,south,30,18,1,4.3
Lisbon,winter,south,30,18,2,6.1
Lisbon,winter,south,30,18,3,7.4
Lisbon,winter,south,30,18,4,8.2
Lisbon,winter,south,30,18,5,9.1
Lisbon,winter,east_or_west,8,18,0,0.8
Lisbon,winter,east_or_west,8,18,1,1
Lisbon,winter,east_or_west,8,18,2,1.3
Lisbon,winter,east_or_west,8,18,3,1.7
Lisbon,winter,east_or_west,8,18,4,2.4
Lisbon,winter,east_or_west,8,18,5,3.8
Lisbon,winter,east_or_west,12,18,0,1.2
Lisbon,winter,east_or_west,12,18,1,1.5
Lisbon,winter,east_or_west,12,18,2,1.8
Lisbon,winter,east_or_west,12,18,3,2.3
Lisbon,winter,east_or_west,12,18,4,3
Lisbon,winter,east_or_west,12,18,5,4
Lisbon,winter,east_or_west,20,18,0,1.9
Lisbon,winter,east_or_west,20,18,1,2.2
Lisbon,winter,east_or_west,20,18,2,2.6
Lisbon,winter,east_or_west,20,18,3,3
Lisbon,winter,east_or_west,20,18,4,3.6
Lisbon,winter,east_or_west,20,18,5,4.3
Lisbon,winter,east_or_west,30,18,0,2.5
Lisbon,winter,east_or_west,30,18,1,2.8
Lisbon,winter,east_or_west,30,18,2,3.1
Lisbon,winter,east_or_west,30,18,3,3.5
Lisbon,winter,east_or_west,30,18,4,3.9
Lisbon,winter,east_or_west,30,18,5,4.4
Athens,spring,south,8,18,0,0
Athens,spring,south,8,18,1,0
Athens,spring,south,8,18,2,0
Athens,spring,south,8,18,3,11.8
Athens,spring,south,8,18,4,11.8
Athens,spring,south,8,18,5,11.8
Athens,spring,south,12,18,0,0
Athens,spring,south,12,18,1,11.7
Athens,spring,south,12,18,2,11.8
Athens,spring,south,12,18,3,11.8
Athens,spring,south,12,18,4,11.8
Athens,spring,south,12,18,5,11.8
Athens,spring,south,20,18,0,11.8
Athens,spring,south,20,18,1,11.8
Athens,spring,south,20,18,2,11.8
Athens,spring,south,20,18,3,11.8
Athens,spring,south,20,18,4,11.8
Athens,spring,south,20,18,5,11.8
Athens,spring,south,30,18,0,11.8
Athens,spring,south,30,18,1,11.8
Athens,spring,south,30,18,2,11.8
Athens,spring,south,30,18,3,11.8
Athens,spring,south,30,18,4,11.8
Athens,spring,south,30,18,5,11.8
Athens,spring,east_or_west,8,18,0,1.3
Athens,spring,east_or_west,8,18,1,1.6
Athens,spring,east_or_west,8,18,2,2
Athens,spring,east_or_west,8,18,3,2.6
Athens,spring,east_or_west,8,18,4,3.6
Athens,spring,east_or_west,8,18,5,5.1
Athens,spring,east_or_west,12,18,0,1.9
Athens,spring,east_or_west,12,18,1,2.2
Athens,spring,east_or_west,12,18,2,2.8
Athens,spring,east_or_west,12,18,3,3.4
Athens,spring,east_or_west,12,18,4,4.3
Athens,spring,east_or_west,12,18,5,5.3
Athens,spring,east_or_west,20,18,0,2.8
Athens,spring,east_or_west,20,18,1,3.3
Athens,spring,east_or_west,20,18,2,3.8
Athens,spring,east_or_west,20,18,3,4.3
Athens,spring,east_or_west,20,18,4,4.9
Athens,spring,east_or_west,20,18,5,5.6
Athens,spring,east_or_west,30,18,0,3.7
Athens,spring,east_or_west,30,18,1,4
Athens,spring,east_or_west,30,18,2,4.3
Athens,spring,east_or_west,30,18,3,4.8
Athens,spring,east_or_west,30,18,4,5.2
Athens,spring,east_or_west,30,18,5,5.7
Athens,summer,south,8,18,0,7.2
Athens,summer,south,8,18,1,7.2
Athens,summer,south,8,18,2,7.2
Athens,summer,south,8,18,3,7.2
Athens,summer,south,8,18,4,7.2
Athens,summer,south,8,18,5,7.2
Athens,summer,south,12,18,0,7.2
Athens,summer,south,12,18,1,7.2
Athens,summer,south,12,18,2,7.2
Athens,summer,south,12,18,3,7.2
Athens,summer,south,12,18,4,7.2
Athens,summer,south,12,18,5,7.2
Athens,summer,south,20,18,0,7.2
Athens,summer,south,20,18,1,7.2
Athens,summer,south,20,18,2,7.2
Athens,summer,south,20,18,3,7.2
Athens,summer,south,20,18,4,7.2
Athens,summer,south,20,18,5,7.2
Athens,summer,south,30,18,0,7.2
Athens,summer,south,30,18,1,7.2
Athens,summer,south,30,18,2,7.2
Athens,summer,south,30,18,3,7.2
Athens,summer,south,30,18,4,7.2
Athens,summer,south,30,18,5,7.2
Athens,summer,east_or_west,8,18,0,1.8
Athens,summer,east_or_west,8,18,1,2.2
Athens,summer,east_or_west,8,18,2,2.7
Athens,summer,east_or_west,8,18,3,3.4
Athens,summer,east_or_west,8,18,4,4.7
Athens,summer,east_or_west,8,18,5,6.4
Athens,summer,east_or_west,12,18,0,2.6
Athens,summer,east_or_west,12,18,1,3
Athens,summer,east_or_west,12,18,2,3.7
Athens,summer,east_or_west,12,18,3,4.4
Athens,summer,east_or_west,12,18,4,5.5
Athens,summer,east_or_west,12,18,5,6.7
Athens,summer,east_or_west,20,18,0,3.8
Athens,summer,east_or_west,20,18,1,4.3
Athens,summer,east_or_west,20,18,2,4.8
Athens,summer,east_or_west,20,18,3,5.5
Athens,summer,east_or_west,20,18,4,6.2
Athens,summer,east_or_west,20,18,5,7
Athens,summer,east_or_west,30,18,0,4.8
Athens,summer,east_or_west,30,18,1,5.2
Athens,summer,east_or_west,30,18,2,5.6
Athens,summer,east_or_west,30,18,3,6.1
Athens,summer,east_or_west,30,18,4,6.6
Athens,summer,east_or_west,30,18,5,7.1
Athens,autumn,south,8,18,0,0
Athens,autumn,south,8,18,1,0.2
Athens,autumn,south,8,18,2,1.9
Athens,autumn,south,8,18,3,11.7
Athens,autumn,south,8,18,4,11.7
Athens,autumn,south,8,18,5,11.7
Athens,autumn,south,12,18,0,1.1
Athens,autumn,south,12,18,1,11.7
Athens,autumn,south,12,18,2,11.7
Athens,autumn,south,12,18,3,11.7
Athens,autumn,south,12,18,4,11.7
Athens,autumn,south,12,18,5,11.7
Athens,autumn,south,20,18,0,11.7
Athens,autumn,south,20,18,1,11.7
Athens,autumn,south,20,18,2,11.7
Athens,autumn,south,20,18,3,11.7
Athens,autumn,south,20,18,4,11.7
Athens,autumn,south,20,18,5,11.7
Athens,autumn,south,30,18,0,11.7
Athens,autumn,south,30,18,1,11.7
Athens,autumn,south,30,18,2,11.7
Athens,autumn,south,30,18,3,11.7
Athens,autumn,south,30,18,4,11.7
Athens,autumn,south,30,18,5,11.7
Athens,autumn,east_or_west,8,18,0,1.3
Athens,autumn,east_or_west,8,18,1,1.6
Athens,autumn,east_or_west,8,18,2,2
Athens,autumn,east_or_west,8,18,3,2.6
Athens,autumn,east_or_west,8,18,4,3.6
Athens,autumn,east_or_west,8,18,5,5.1
Athens,autumn,east_or_west,12,18,0,1.9
Athens,autumn,east_or_west,12,18,1,2.3
Athens,autumn,east_or_west,12,18,2,2.8
Athens,autumn,east_or_west,12,18,3,3.4
Athens,autumn,east_or_west,12,18,4,4.3
Athens,autumn,east_or_west,12,18,5,5.4
Athens,autumn,east_or_west,20,18,0,2.9
Athens,autumn,east_or_west,20,18,1,3.3
Athens,autumn,east_or_west,20,18,2,3.8
Athens,autumn,east_or_west,20,18,3,4.3
Athens,autumn,east_or_west,20,18,4,4.9
Athens,autumn,east_or_west,20,18,5,5.7
Athens,autumn,east_or_west,30,18,0,3.7
Athens,autumn,east_or_west,30,18,1,4
Athens,autumn,east_or_west,30,18,2,4.4
Athens,autumn,east_or_west,30,18,3,4.8
Athens,autumn,east_or_west,30,18,4,5.3
Athens,autumn,east_or_west,30,18,5,5.7
Athens,winter,south,8,18,0,0
Athens,winter,south,8,18,1,0
Athens,winter,south,8,18,2,0
Athens,winter,south,8,18,3,0
Athens,winter,south,8,18,4,0
Athens,winter,south,8,18,5,8
Athens,winter,south,12,18,0,0
Athens,winter,south,12,18,1,0
Athens,winter,south,12,18,2,0
Athens,winter,south,12,18,3,0
Athens,winter,south,12,18,4,5.8
Athens,winter,south,12,18,5,8.6
Athens,winter,south,20,18,0,0
Athens,winter,south,20,18,1,0
Athens,winter,south,20,18,2,1.8
Athens,winter,south,20,18,3,5.9
Athens,winter,south,20,18,4,7.7
Athens,winter,south,20,18,5,9
Athens,winter,south,30,18,0,0
Athens,winter,south,30,18,1,4.6
Athens,winter,south,30,18,2,6.3
Athens,winter,south,30,18,3,7.5
Athens,winter,south,30,18,4,8.4
Athens,winter,south,30,18,5,9.2
Athens,winter,east_or_west,8,18,0,0.8
Athens,winter,east_or_west,8,18,1,1
Athens,winter,east_or_west,8,18,2,1.2
Athens,winter,east_or_west,8,18,3,1.7
Athens,winter,east_or_west,8,18,4,2.4
Athens,winter,east_or_west,8,18,5,3.8
Athens,winter,east_or_west,12,18,0,1.2
Athens,winter,east_or_west,12,18,1,1.5
Athens,winter,east_or_west,12,18,2,1.8
Athens,winter,east_or_west,12,18,3,2.2
Athens,winter,east_or_west,12,18,4,3
Athens,winter,east_or_west,12,18,5,4
Athens,winter,east_or_west,20,18,0,1.9
Athens,winter,east_or_west,20,18,1,2.2
Athens,winter,east_or_west,20,18,2,2.6
Athens,winter,east_or_west,20,18,3,3
Athens,winter,east_or_west,20,18,4,3.6
Athens,winter,east_or_west,20,18,5,4.3
Athens,winter,east_or_west,30,18,0,2.5
Athens,winter,east_or_west,30,18,1,2.8
Athens,winter,east_or_west,30,18,2,3.1
Athens,winter,east_or_west,30,18,3,3.5
Athens,winter,east_or_west,30,18,4,3.9
Athens,winter,east_or_west,30,18,5,4.3
Paris,spring,south,8,18,0,0
Paris,spring,south,8,18,1,0
Paris,spring,south,8,18,2,0
Paris,spring,south,8,18,3,0.1
Paris,spring,south,8,18,4,11.8
Paris,spring,south,8,18,5,11.8
Paris,spring,south,12,18,0,0
Paris,spring,south,12,18,1,0
Paris,spring,south,12,18,2,0.2
Paris,spring,south,12,18,3,11.8
Paris,spring,south,12,18,4,11.8
Paris,spring,south,12,18,5,11.8
Paris,spring,south,20,18,0,11.4
Paris,spring,south,20,18,1,11.8
Paris,spring,south,20,18,2,11.8
Paris,spring,south,20,18,3,11.8
Paris,spring,south,20,18,4,11.8
Paris,spring,south,20,18,5,11.8
Paris,spring,south,30,18,0,11.8
Paris,spring,south,30,18,1,11.8
Paris,spring,south,30,18,2,11.8
Paris,spring,south,30,18,3,11.8
Paris,spring,south,30,18,4,11.8
Paris,spring,south,30,18,5,11.8
Paris,spring,east_or_west,8,18,0,1.1
Paris,spring,east_or_west,8,18,1,1.3
Paris,spring,east_or_west,8,18,2,1.7
Paris,spring,east_or_west,8,18,3,2.2
Paris,spring,east_or_west,8,18,4,3.2
Paris,spring,east_or_west,8,18,5,4.9
Paris,spring,east_or_west,12,18,0,1.7
Paris,spring,east_or_west,12,18,1,2
Paris,spring,east_or_west,12,18,2,2.4
Paris,spring,east_or_west,12,18,3,3
Paris,spring,east_or_west,12,18,4,3.9
Paris,spring,east_or_west,12,18,5,5.2
Paris,spring,east_or_west,20,18,0,2.5
Paris,spring,east_or_west,20,18,1,2.9
Paris,spring,east_or_west,20,18,2,3.3
Paris,spring,east_or_west,20,18,3,4
Paris,spring,east_or_west,20,18,4,4.7
Paris,spring,east_or_west,20,18,5,5.5
Paris,spring,east_or_west,30,18,0,3.3
Paris,spring,east_or_west,30,18,1,3.7
Paris,spring,east_or_west,30,18,2,4.1
Paris,spring,east_or_west,30,18,3,4.6
Paris,spring,east_or_west,30,18,4,5.1
Paris,spring,east_or_west,30,18,5,5.7
Paris,summer,south,8,18,0,7.7
Paris,summer,south,8,18,1,8.8
Paris,summer,south,8,18,2,8.8
Paris,summer,south,8,18,3,8.8
Paris,summer,south,8,18,4,8.8
Paris,summer,south,8,18,5,8.8
Paris,summer,south,12,18,0,8.8
Paris,summer,south,12,18,1,8.8
Paris,summer,south,12,18,2,8.8
Paris,summer,south,12,18,3,8.8
Paris,summer,south,12,18,4,8.8
Paris,summer,south,12,18,5,8.8
Paris,summer,south,20,18,0,8.8
Paris,summer,south,20,18,1,8.8
Paris,summer,south,20,18,2,8.8
Paris,summer,south,20,18,3,8.8
Paris,summer,south,20,18,4,8.8
Paris,summer,south,20,18,5,8.8
Paris,summer,south,30,18,0,8.8
Paris,summer,south,30,18,1,8.8
Paris,summer,south,30,18,2,8.8
Paris,summer,south,30,18,3,8.8
Paris,summer,south,30,18,4,8.8
Paris,summer,south,30,18,5,8.8
Paris,summer,east_or_west,8,18,0,1.7
Paris,summer,east_or_west,8,18,1,2.1
Paris,summer,east_or_west,8,18,2,2.6
Paris,summer,east_or_west,8,18,3,3.3
Paris,summer,east_or_west,8,18,4,4.7
Paris,summer,east_or_west,8,18,5,6.8
Paris,summer,east_or_west,12,18,0,2.5
Paris,summer,east_or_west,12,18,1,2.9
Paris,summer,east_or_west,12,18,2,3.6
Paris,summer,east_or_west,12,18,3,4.4
Paris,summer,east_or_west,12,18,4,5.7
Paris,summer,east_or_west,12,18,5,7.2
Paris,summer,east_or_west,20,18,0,3.8
Paris,summer,east_or_west,20,18,1,4.3
Paris,summer,east_or_west,20,18,2,4.9
Paris,summer,east_or_west,20,18,3,5.7
Paris,summer,east_or_west,20,18,4,6.6
Paris,summer,east_or_west,20,18,5,7.6
Paris,summer,east_or_west,30,18,0,4.8
Paris,summer,east_or_west,30,18,1,5.3
Paris,summer,east_or_west,30,18,2,5.8
Paris,summer,east_or_west,30,18,3,6.4
Paris,summer,east_or_west,30,18,4,7.1
Paris,summer,east_or_west,30,18,5,7.7
Paris,autumn,south,8,18,0,0
Paris,autumn,south,8,18,1,0
Paris,autumn,south,8,18,2,0.1
Paris,autumn,south,8,18,3,1
Paris,autumn,south,8,18,4,11.8
Paris,autumn,south,8,18,5,11.8
Paris,autumn,south,12,18,0,0
Paris,autumn,south,12,18,1,0.3
Paris,autumn,south,12,18,2,5.1
Paris,autumn,south,12,18,3,11.8
Paris,autumn,south,12,18,4,11.8
Paris,autumn,south,12,18,5,11.8
Paris,autumn,south,20,18,0,11.8
Paris,autumn,south,20,18,1,11.8
Paris,autumn,south,20,18,2,11.8
Paris,autumn,south,20,18,3,11.8
Paris,autumn,south,20,18,4,11.8
Paris,autumn,south,20,18,5,11.8
Paris,autumn,south,30,18,0,11.8
Paris,autumn,south,30,18,1,11.8
Paris,autumn,south,30,18,2,11.8
Paris,autumn,south,30,18,3,11.8
Paris,autumn,south,30,18,4,11.8
Paris,autumn,south,30,18,5,11.8
Paris,autumn,east_or_west,8,18,0,1.2
Paris,autumn,east_or_west,8,18,1,1.3
Paris,autumn,east_or_west,8,18,2,1.7
Paris,autumn,east_or_west,8,18,3,2.2
Paris,autumn,east_or_west,8,18,4,3.3
Paris,autumn,east_or_west,8,18,5,4.9
Paris,autumn,east_or_west,12,18,0,1.7
Paris,autumn,east_or_west,12,18,1,2
Paris,autumn,east_or_west,12,18,2,2.4
Paris,autumn,east_or_west,12,18,3,3.1
Paris,autumn,east_or_west,12,18,4,4
Paris,autumn,east_or_west,12,18,5,5.3
Paris,autumn,east_or_west,20,18,0,2.6
Paris,autumn,east_or_west,20,18,1,2.9
Paris,autumn,east_or_west,20,18,2,3.4
Paris,autumn,east_or_west,20,18,3,4
Paris,autumn,east_or_west,20,18,4,4.8
Paris,autumn,east_or_west,20,18,5,5.6
Paris,autumn,east_or_west,30,18,0,3.3
Paris,autumn,east_or_west,30,18,1,3.7
Paris,autumn,east_or_west,30,18,2,4.2
Paris,autumn,east_or_west,30,18,3,4.6
Paris,autumn,east_or_west,30,18,4,5.2
Paris,autumn,east_or_west,30,18,5,5.7
Paris,winter,south,8,18,0,0
Paris,winter,south,8,18,1,0
Paris,winter,south,8,18,2,0
Paris,winter,south,8,18,3,0
Paris,winter,south,8,18,4,0
Paris,winter,south,8,18,5,5.6
Paris,winter,south,12,18,0,0
Paris,winter,south,12,18,1,0
Paris,winter,south,12,18,2,0
Paris,winter,south,12,18,3,0
Paris,winter,south,12,18,4,0
Paris,winter,south,12,18,5,6.7
Paris,winter,south,20,18,0,0
Paris,winter,south,20,18,1,0
Paris,winter,south,20,18,2,0
Paris,winter,south,20,18,3,0
Paris,winter,south,20,18,4,4.9
Paris,winter,south,20,18,5,7.3
Paris,winter,south,30,18,0,0
Paris,winter,south,30,18,1,0
Paris,winter,south,30,18,2,0
Paris,winter,south,30,18,3,4.3
Paris,winter,south,30,18,4,6.3
Paris,winter,south,30,18,5,7.7
Paris,winter,east_or_west,8,18,0,0.5
Paris,winter,east_or_west,8,18,1,0.6
Paris,winter,east_or_west,8,18,2,0.8
Paris,winter,east_or_west,8,18,3,1.1
Paris,winter,east_or_west,8,18,4,1.7
Paris,winter,east_or_west,8,18,5,2.9
Paris,winter,east_or_west,12,18,0,0.8
Paris,winter,east_or_west,12,18,1,0.9
Paris,winter,east_or_west,12,18,2,1.2
Paris,winter,east_or_west,12,18,3,1.6
Paris,winter,east_or_west,12,18,4,2.2
Paris,winter,east_or_west,12,18,5,3.3
Paris,winter,east_or_west,20,18,0,1.2
Paris,winter,east_or_west,20,18,1,1.5
Paris,winter,east_or_west,20,18,2,1.8
Paris,winter,east_or_west,20,18,3,2.2
Paris,winter,east_or_west,20,18,4,2.8
Paris,winter,east_or_west,20,18,5,3.5
Paris,winter,east_or_west,30,18,0,1.7
Paris,winter,east_or_west,30,18,1,2
Paris,winter,east_or_west,30,18,2,2.3
Paris,winter,east_or_west,30,18,3,2.7
Paris,winter,east_or_west,30,18,4,3.1
Paris,winter,east_or_west,30,18,5,3.7
London,spring,south,8,18,0,0
London,spring,south,8,18,1,0
London,spring,south,8,18,2,0
London,spring,south,8,18,3,0
London,spring,south,8,18,4,11.8
London,spring,south,8,18,5,11.8
London,spring,south,12,18,0,0
London,spring,south,12,18,1,0
London,spring,south,12,18,2,0.1
London,spring,south,12,18,3,11.8
London,spring,south,12,18,4,11.8
London,spring,south,12,18,5,11.8
London,spring,south,20,18,0,0.2
London,spring,south,20,18,1,11.8
London,spring,south,20,18,2,11.8
London,spring,south,20,18,3,11.8
London,spring,south,20,18,4,11.8
London,spring,south,20,18,5,11.8
London,spring,south,30,18,0,11.8
London,spring,south,30,18,1,11.8
London,spring,south,30,18,2,11.8
London,spring,south,30,18,3,11.8
London,spring,south,30,18,4,11.8
London,spring,south,30,18,5,11.8
London,spring,east_or_west,8,18,0,1
London,spring,east_or_west,8,18,1,1.2
London,spring,east_or_west,8,18,2,1.5
London,spring,east_or_west,8,18,3,2.1
London,spring,east_or_west,8,18,4,3
London,spring,east_or_west,8,18,5,4.8
London,spring,east_or_west,12,18,0,1.5
London,spring,east_or_west,12,18,1,1.7
London,spring,east_or_west,12,18,2,2.2
London,spring,east_or_west,12,18,3,2.8
London,spring,east_or_west,12,18,4,3.8
London,spring,east_or_west,12,18,5,5.1
London,spring,east_or_west,20,18,0,2.3
London,spring,east_or_west,20,18,1,2.8
London,spring,east_or_west,20,18,2,3.2
London,spring,east_or_west,20,18,3,3.8
London,spring,east_or_west,20,18,4,4.6
London,spring,east_or_west,20,18,5,5.4
London,spring,east_or_west,30,18,0,3.1
London,spring,east_or_west,30,18,1,3.5
London,spring,east_or_west,30,18,2,3.9
London,spring,east_or_west,30,18,3,4.4
London,spring,east_or_west,30,18,4,5
London,spring,east_or_west,30,18,5,5.6
London,summer,south,8,18,0,5.3
London,summer,south,8,18,1,9.2
London,summer,south,8,18,2,9.2
London,summer,south,8,18,3,9.2
London,summer,south,8,18,4,9.2
London,summer,south,8,18,5,9.2
London,summer,south,12,18,0,9.2
London,summer,south,12,18,1,9.2
London,summer,south,12,18,2,9.2
London,summer,south,12,18,3,9.2
London,summer,south,12,18,4,9.2
London,summer,south,12,18,5,9.2
London,summer,south,20,18,0,9.2
London,summer,south,20,18,1,9.2
London,summer,south,20,18,2,9.2
London,summer,south,20,18,3,9.2
London,summer,south,20,18,4,9.2
London,summer,south,20,18,5,9.2
London,summer,south,30,18,0,9.2
London,summer,south,30,18,1,9.2
London,summer,south,30,18,2,9.2
London,summer,south,30,18,3,9.2
London,summer,south,30,18,4,9.2
London,summer,south,30,18,5,9.2
London,summer,east_or_west,8,18,0,1.7
London,summer,east_or_west,8,18,1,2
London,summer,east_or_west,8,18,2,2.5
London,summer,east_or_west,8,18,3,3.3
London,summer,east_or_west,8,18,4,4.7
London,summer,east_or_west,8,18,5,6.9
London,summer,east_or_west,12,18,0,2.4
London,summer,east_or_west,12,18,1,2.9
London,summer,east_or_west,12,18,2,3.5
London,summer,east_or_west,12,18,3,4.4
London,summer,east_or_west,12,18,4,5.7
London,summer,east_or_west,12,18,5,7.4
London,summer,east_or_west,20,18,0,3.8
London,summer,east_or_west,20,18,1,4.3
London,summer,east_or_west,20,18,2,4.9
London,summer,east_or_west,20,18,3,5.7
London,summer,east_or_west,20,18,4,6.7
London,summer,east_or_west,20,18,5,7.7
London,summer,east_or_west,30,18,0,4.8
London,summer,east_or_west,30,18,1,5.3
London,summer,east_or_west,30,18,2,5.9
London,summer,east_or_west,30,18,3,6.6
London,summer,east_or_west,30,18,4,7.2
London,summer,east_or_west,30,18,5,7.9
London,autumn,south,8,18,0,0
London,autumn,south,8,18,1,0
London,autumn,south,8,18,2,0
London,autumn,south,8,18,3,0.4
London,autumn,south,8,18,4,11.8
London,autumn,south,8,18,5,11.8
London,autumn,south,12,18,0,0
London,autumn,south,12,18,1,0.2
London,autumn,south,12,18,2,0.9
London,autumn,south,12,18,3,11.8
London,autumn,south,12,18,4,11.8
London,autumn,south,12,18,5,11.8
London,autumn,south,20,18,0,2.2
London,autumn,south,20,18,1,11.8
London,autumn,south,20,18,2,11.8
London,autumn,south,20,18,3,11.8
London,autumn,south,20,18,4,11.8
London,autumn,south,20,18,5,11.8
London,autumn,south,30,18,0,11.8
London,autumn,south,30,18,1,11.8
London,autumn,south,30,18,2,11.8
London,autumn,south,30,18,3,11.8
London,autumn,south,30,18,4,11.8
London,autumn,south,30,18,5,11.8
London,autumn,east_or_west,8,18,0,1.1
London,autumn,east_or_west,8,18,1,1.3
London,autumn,east_or_west,8,18,2,1.7
London,autumn,east_or_west,8,18,3,2.2
London,autumn,east_or_west,8,18,4,3.2
London,autumn,east_or_west,8,18,5,4.8
London,autumn,east_or_west,12,18,0,1.6
London,autumn,east_or_west,12,18,1,1.9
London,autumn,east_or_west,12,18,2,2.3
London,autumn,east_or_west,12,18,3,3
London,autumn,east_or_west,12,18,4,3.9
London,autumn,east_or_west,12,18,5,5.2
London,autumn,east_or_west,20,18,0,2.4
London,autumn,east_or_west,20,18,1,2.8
London,autumn,east_or_west,20,18,2,3.3
London,autumn,east_or_west,20,18,3,3.9
London,autumn,east_or_west,20,18,4,4.7
London,autumn,east_or_west,20,18,5,5.6
London,autumn,east_or_west,30,18,0,3.3
London,autumn,east_or_west,30,18,1,3.6
London,autumn,east_or_west,30,18,2,4.1
London,autumn,east_or_west,30,18,3,4.6
London,autumn,east_or_west,30,18,4,5.1
London,autumn,east_or_west,30,18,5,5.7
London,winter,south,8,18,0,0
London,winter,south,8,18,1,0
London,winter,south,8,18,2,0
London,winter,south,8,18,3,0
London,winter,south,8,18,4,0
London,winter,south,8,18,5,4.6
London,winter,south,12,18,0,0
London,winter,south,12,18,1,0
London,winter,south,12,18,2,0
London,winter,south,12,18,3,0
London,winter,south,12,18,4,0
London,winter,south,12,18,5,6
London,winter,south,20,18,0,0
London,winter,south,20,18,1,0
London,winter,south,20,18,2,0
London,winter,south,20,18,3,0
London,winter,south,20,18,4,3.5
London,winter,south,20,18,5,6.7
London,winter,south,30,18,0,0
London,winter,south,30,18,1,0
London,winter,south,30,18,2,0
London,winter,south,30,18,3,2.3
London,winter,south,30,18,4,5.5
London,winter,south,30,18,5,7.2
London,winter,east_or_west,8,18,0,0.4
London,winter,east_or_west,8,18,1,0.5
London,winter,east_or_west,8,18,2,0.7
London,winter,east_or_west,8,18,3,0.9
London,winter,east_or_west,8,18,4,1.5
London,winter,east_or_west,8,18,5,2.7
London,winter,east_or_west,12,18,0,0.7
London,winter,east_or_west,12,18,1,0.8
London,winter,east_or_west,12,18,2,1
London,winter,east_or_west,12,18,3,1.3
London,winter,east_or_west,12,18,4,1.9
London,winter,east_or_west,12,18,5,3
London,winter,east_or_west,20,18,0,1.1
London,winter,east_or_west,20,18,1,1.2
London,winter,east_or_west,20,18,2,1.6
London,winter,east_or_west,20,18,3,2
London,winter,east_or_west,20,18,4,2.5
London,winter,east_or_west,20,18,5,3.3
London,winter,east_or_west,30,18,0,1.5
London,winter,east_or_west,30,18,1,1.7
London,winter,east_or_west,30,18,2,2.1
London,winter,east_or_west,30,18,3,2.4
London,winter,east_or_west,30,18,4,2.8
London,winter,east_or_west,30,18,5,3.4
Amsterdam,spring,south,8,18,0,0
Amsterdam,spring,south,8,18,1,0
Amsterdam,spring,south,8,18,2,0
Amsterdam,spring,south,8,18,3,0
Amsterdam,spring,south,8,18,4,11.8
Amsterdam,spring,south,8,18,5,11.8
Amsterdam,spring,south,12,18,0,0
Amsterdam,spring,south,12,18,1,0
Amsterdam,spring,south,12,18,2,0
Amsterdam,spring,south,12,18,3,11.8
Amsterdam,spring,south,12,18,4,11.8
Amsterdam,spring,south,12,18,5,11.8
Amsterdam,spring,south,20,18,0,0.1
Amsterdam,spring,south,20,18,1,11.8
Amsterdam,spring,south,20,18,2,11.8
Amsterdam,spring,south,20,18,3,11.8
Amsterdam,spring,south,20,18,4,11.8
Amsterdam,spring,south,20,18,5,11.8
Amsterdam,spring,south,30,18,0,11.8
Amsterdam,spring,south,30,18,1,11.8
Amsterdam,spring,south,30,18,2,11.8
Amsterdam,spring,south,30,18,3,11.8
Amsterdam,spring,south,30,18,4,11.8
Amsterdam,spring,south,30,18,5,11.8
Amsterdam,spring,east_or_west,8,18,0,1
Amsterdam,spring,east_or_west,8,18,1,1.2
Amsterdam,spring,east_or_west,8,18,2,1.5
Amsterdam,spring,east_or_west,8,18,3,2.1
Amsterdam,spring,east_or_west,8,18,4,3
Amsterdam,spring,east_or_west,8,18,5,4.8
Amsterdam,spring,east_or_west,12,18,0,1.5
Amsterdam,spring,east_or_west,12,18,1,1.7
Amsterdam,spring,east_or_west,12,18,2,2.2
Amsterdam,spring,east_or_west,12,18,3,2.8
Amsterdam,spring,east_or_west,12,18,4,3.8
Amsterdam,spring,east_or_west,12,18,5,5.1
Amsterdam,spring,east_or_west,20,18,0,2.3
Amsterdam,spring,east_or_west,20,18,1,2.7
Amsterdam,spring,east_or_west,20,18,2,3.2
Amsterdam,spring,east_or_west,20,18,3,3.8
Amsterdam,spring,east_or_west,20,18,4,4.5
Amsterdam,spring,east_or_west,20,18,5,5.4
Amsterdam,spring,east_or_west,30,18,0,3.1
Amsterdam,spring,east_or_west,30,18,1,3.4
Amsterdam,spring,east_or_west,30,18,2,3.9
Amsterdam,spring,east_or_west,30,18,3,4.4
Amsterdam,spring,east_or_west,30,18,4,5
Amsterdam,spring,east_or_west,30,18,5,5.6
Amsterdam,summer,south,8,18,0,4.8
Amsterdam,summer,south,8,18,1,9.2
Amsterdam,summer,south,8,18,2,9.2
Amsterdam,summer,south,8,18,3,9.2
Amsterdam,summer,south,8,18,4,9.2
Amsterdam,summer,south,8,18,5,9.2
Amsterdam,summer,south,12,18,0,9.2
Amsterdam,summer,south,12,18,1,9.2
Amsterdam,summer,south,12,18,2,9.2
Amsterdam,summer,south,12,18,3,9.2
Amsterdam,summer,south,12,18,4,9.2
Amsterdam,summer,south,12,18,5,9.2
Amsterdam,summer,south,20,18,0,9.2
Amsterdam,summer,south,20,18,1,9.2
Amsterdam,summer,south,20,18,2,9.2
Amsterdam,summer,south,20,18,3,9.2
Amsterdam,summer,south,20,18,4,9.2
Amsterdam,summer,south,20,18,5,9.2
Amsterdam,summer,south,30,18,0,9.2
Amsterdam,summer,south,30,18,1,9.2
Amsterdam,summer,south,30,18,2,9.2
Amsterdam,summer,south,30,18,3,9.2
Amsterdam,summer,south,30,18,4,9.2
Amsterdam,summer,south,30,18,5,9.2
Amsterdam,summer,east_or_west,8,18,0,1.6
Amsterdam,summer,east_or_west,8,18,1,1.9
Amsterdam,summer,east_or_west,8,18,2,2.4
Amsterdam,summer,east_or_west,8,18,3,3.3
Amsterdam,summer,east_or_west,8,18,4,4.6
Amsterdam,summer,east_or_west,8,18,5,6.9
Amsterdam,summer,east_or_west,12,18,0,2.3
Amsterdam,summer,east_or_west,12,18,1,2.8
Amsterdam,summer,east_or_west,12,18,2,3.4
Amsterdam,summer,east_or_west,12,18,3,4.3
Amsterdam,summer,east_or_west,12,18,4,5.7
Amsterdam,summer,east_or_west,12,18,5,7.4
Amsterdam,summer,east_or_west,20,18,0,3.6
Amsterdam,summer,east_or_west,20,18,1,4.2
Amsterdam,summer,east_or_west,20,18,2,4.8
Amsterdam,summer,east_or_west,20,18,3,5.7
Amsterdam,summer,east_or_west,20,18,4,6.7
Amsterdam,summer,east_or_west,20,18,5,7.7
Amsterdam,summer,east_or_west,30,18,0,4.8
Amsterdam,summer,east_or_west,30,18,1,5.2
Amsterdam,summer,east_or_west,30,18,2,5.8
Amsterdam,summer,east_or_west,30,18,3,6.5
Amsterdam,summer,east_or_west,30,18,4,7.2
Amsterdam,summer,east_or_west,30,18,5,7.9
Amsterdam,autumn,south,8,18,0,0
Amsterdam,autumn,south,8,18,1,0
Amsterdam,autumn,south,8,18,2,0
Amsterdam,autumn,south,8,18,3,0.4
Amsterdam,autumn,south,8,18,4,11.8
Amsterdam,autumn,south,8,18,5,11.8
Amsterdam,autumn,south,12,18,0,0
Amsterdam,autumn,south,12,18,1,0.2
Amsterdam,autumn,south,12,18,2,0.8
Amsterdam,autumn,south,12,18,3,11.8
Amsterdam,autumn,south,12,18,4,11.8
Amsterdam,autumn,south,12,18,5,11.8
Amsterdam,autumn,south,20,18,0,1.3
Amsterdam,autumn,south,20,18,1,11.8
Amsterdam,autumn,south,20,18,2,11.8
Amsterdam,autumn,south,20,18,3,11.8
Amsterdam,autumn,south,20,18,4,11.8
Amsterdam,autumn,south,20,18,5,11.8
Amsterdam,autumn,south,30,18,0,11.8
Amsterdam,autumn,south,30,18,1,11.8
Amsterdam,autumn,south,30,18,2,11.8
Amsterdam,autumn,south,30,18,3,11.8
Amsterdam,autumn,south,30,18,4,11.8
Amsterdam,autumn,south,30,18,5,11.8
Amsterdam,autumn,east_or_west,8,18,0,1
Amsterdam,autumn,east_or_west,8,18,1,1.2
Amsterdam,autumn,east_or_west,8,18,2,1.5
Amsterdam,autumn,east_or_west,8,18,3,2.1
Amsterdam,autumn,east_or_west,8,18,4,3
Amsterdam,autumn,east_or_west,8,18,5,4.8
Amsterdam,autumn,east_or_west,12,18,0,1.5
Amsterdam,autumn,east_or_west,12,18,1,1.7
Amsterdam,autumn,east_or_west,12,18,2,2.2
Amsterdam,autumn,east_or_west,12,18,3,2.8
Amsterdam,autumn,east_or_west,12,18,4,3.8
Amsterdam,autumn,east_or_west,12,18,5,5.2
Amsterdam,autumn,east_or_west,20,18,0,2.3
Amsterdam,autumn,east_or_west,20,18,1,2.8
Amsterdam,autumn,east_or_west,20,18,2,3.2
Amsterdam,autumn,east_or_west,20,18,3,3.8
Amsterdam,autumn,east_or_west,20,18,4,4.6
Amsterdam,autumn,east_or_west,20,18,5,5.5
Amsterdam,autumn,east_or_west,30,18,0,3.1
Amsterdam,autumn,east_or_west,30,18,1,3.5
Amsterdam,autumn,east_or_west,30,18,2,3.9
Amsterdam,autumn,east_or_west,30,18,3,4.4
Amsterdam,autumn,east_or_west,30,18,4,5
Amsterdam,autumn,east_or_west,30,18,5,5.7
Amsterdam,winter,south,8,18,0,0
Amsterdam,winter,south,8,18,1,0
Amsterdam,winter,south,8,18,2,0
Amsterdam,winter,south,8,18,3,0
Amsterdam,winter,south,8,18,4,0
Amsterdam,winter,south,8,18,5,4.1
Amsterdam,winter,south,12,18,0,0
Amsterdam,winter,south,12,18,1,0
Amsterdam,winter,south,12,18,2,0
Amsterdam,winter,south,12,18,3,0
Amsterdam,winter,south,12,18,4,0
Amsterdam,winter,south,12,18,5,5.7
Amsterdam,winter,south,20,18,0,0
Amsterdam,winter,south,20,18,1,0
Amsterdam,winter,south,20,18,2,0
Amsterdam,winter,south,20,18,3,0
Amsterdam,winter,south,20,18,4,2.8
Amsterdam,winter,south,20,18,5,6.6
Amsterdam,winter,south,30,18,0,0
Amsterdam,winter,south,30,18,1,0
Amsterdam,winter,south,30,18,2,0
Amsterdam,winter,south,30,18,3,0.8
Amsterdam,winter,south,30,18,4,5.2
Amsterdam,winter,south,30,18,5,6.9
Amsterdam,winter,east_or_west,8,18,0,0.3
Amsterdam,winter,east_or_west,8,18,1,0.5
Amsterdam,winter,east_or_west,8,18,2,0.7
Amsterdam,winter,east_or_west,8,18,3,0.9
Amsterdam,winter,east_or_west,8,18,4,1.4
Amsterdam,winter,east_or_west,8,18,5,2.6
Amsterdam,winter,east_or_west,12,18,0,0.6
Amsterdam,winter,east_or_west,12,18,1,0.8
Amsterdam,winter,east_or_west,12,18,2,1
Amsterdam,winter,east_or_west,12,18,3,1.3
Amsterdam,winter,east_or_west,12,18,4,1.8
Amsterdam,winter,east_or_west,12,18,5,2.9
Amsterdam,winter,east_or_west,20,18,0,1
Amsterdam,winter,east_or_west,20,18,1,1.2
Amsterdam,winter,east_or_west,20,18,2,1.5
Amsterdam,winter,east_or_west,20,18,3,1.9
Amsterdam,winter,east_or_west,20,18,4,2.4
Amsterdam,winter,east_or_west,20,18,5,3.2
Amsterdam,winter,east_or_west,30,18,0,1.4
Amsterdam,winter,east_or_west,30,18,1,1.7
Amsterdam,winter,east_or_west,30,18,2,2
Amsterdam,winter,east_or_west,30,18,3,2.3
Amsterdam,winter,east_or_west,30,18,4,2.8
Amsterdam,winter,east_or_west,30,18,5,3.3
Berlin,spring,south,8,18,0,0
Berlin,spring,south,8,18,1,0
Berlin,spring,south,8,18,2,0
Berlin,spring,south,8,18,3,0
Berlin,spring,south,8,18,4,11.8
Berlin,spring,south,8,18,5,11.8
Berlin,spring,south,12,18,0,0
Berlin,spring,south,12,18,1,0
Berlin,spring,south,12,18,2,0
Berlin,spring,south,12,18,3,11.8
Berlin,spring,south,12,18,4,11.8
Berlin,spring,south,12,18,5,11.8
Berlin,spring,south,20,18,0,0.1
Berlin,spring,south,20,18,1,11.8
Berlin,spring,south,20,18,2,11.8
Berlin,spring,south,20,18,3,11.8
Berlin,spring,south,20,18,4,11.8
Berlin,spring,south,20,18,5,11.8
Berlin,spring,south,30,18,0,11.8
Berlin,spring,south,30,18,1,11.8
Berlin,spring,south,30,18,2,11.8
Berlin,spring,south,30,18,3,11.8
Berlin,spring,south,30,18,4,11.8
Berlin,spring,south,30,18,5,11.8
Berlin,spring,east_or_west,8,18,0,1
Berlin,spring,east_or_west,8,18,1,1.2
Berlin,spring,east_or_west,8,18,2,1.6
Berlin,spring,east_or_west,8,18,3,2.1
Berlin,spring,east_or_west,8,18,4,3.1
Berlin,spring,east_or_west,8,18,5,4.8
Berlin,spring,east_or_west,12,18,0,1.5
Berlin,spring,east_or_west,12,18,1,1.8
Berlin,spring,east_or_west,12,18,2,2.2
Berlin,spring,east_or_west,12,18,3,2.8
Berlin,spring,east_or_west,12,18,4,3.8
Berlin,spring,east_or_west,12,18,5,5.2
Berlin,spring,east_or_west,20,18,0,2.3
Berlin,spring,east_or_west,20,18,1,2.8
Berlin,spring,east_or_west,20,18,2,3.3
Berlin,spring,east_or_west,20,18,3,3.8
Berlin,spring,east_or_west,20,18,4,4.6
Berlin,spring,east_or_west,20,18,5,5.5
Berlin,spring,east_or_west,30,18,0,3.2
Berlin,spring,east_or_west,30,18,1,3.5
Berlin,spring,east_or_west,30,18,2,3.9
Berlin,spring,east_or_west,30,18,3,4.4
Berlin,spring,east_or_west,30,18,4,5
Berlin,spring,east_or_west,30,18,5,5.7
Berlin,summer,south,8,18,0,4.8
Berlin,summer,south,8,18,1,9.2
Berlin,summer,south,8,18,2,9.2
Berlin,summer,south,8,18,3,9.2
Berlin,summer,south,8,18,4,9.2
Berlin,summer,south,8,18,5,9.2
Berlin,summer,south,12,18,0,9.2
Berlin,summer,south,12,18,1,9.2
Berlin,summer,south,12,18,2,9.2
Berlin,summer,south,12,18,3,9.2
Berlin,summer,south,12,18,4,9.2
Berlin,summer,south,12,18,5,9.2
Berlin,summer,south,20,18,0,9.2
Berlin,summer,south,20,18,1,9.2
Berlin,summer,south,20,18,2,9.2
Berlin,summer,south,20,18,3,9.2
Berlin,summer,south,20,18,4,9.2
Berlin,summer,south,20,18,5,9.2
Berlin,summer,south,30,18,0,9.2
Berlin,summer,south,30,18,1,9.2
Berlin,summer,south,30,18,2,9.2
Berlin,summer,south,30,18,3,9.2
Berlin,summer,south,30,18,4,9.2
Berlin,summer,south,30,18,5,9.2
Berlin,summer,east_or_west,8,18,0,1.7
Berlin,summer,east_or_west,8,18,1,2
Berlin,summer,east_or_west,8,18,2,2.5
Berlin,summer,east_or_west,8,18,3,3.3
Berlin,summer,east_or_west,8,18,4,4.7
Berlin,summer,east_or_west,8,18,5,7
Berlin,summer,east_or_west,12,18,0,2.4
Berlin,summer,east_or_west,12,18,1,2.8
Berlin,summer,east_or_west,12,18,2,3.5
Berlin,summer,east_or_west,12,18,3,4.4
Berlin,summer,east_or_west,12,18,4,5.7
Berlin,summer,east_or_west,12,18,5,7.4
Berlin,summer,east_or_west,20,18,0,3.7
Berlin,summer,east_or_west,20,18,1,4.3
Berlin,summer,east_or_west,20,18,2,4.9
Berlin,summer,east_or_west,20,18,3,5.7
Berlin,summer,east_or_west,20,18,4,6.7
Berlin,summer,east_or_west,20,18,5,7.8
Berlin,summer,east_or_west,30,18,0,4.8
Berlin,summer,east_or_west,30,18,1,5.3
Berlin,summer,east_or_west,30,18,2,5.9
Berlin,summer,east_or_west,30,18,3,6.6
Berlin,summer,east_or_west,30,18,4,7.2
Berlin,summer,east_or_west,30,18,5,8
Berlin,autumn,south,8,18,0,0
Berlin,autumn,south,8,18,1,0
Berlin,autumn,south,8,18,2,0
Berlin,autumn,south,8,18,3,0.4
Berlin,autumn,south,8,18,4,11.8
Berlin,autumn,south,8,18,5,11.8
Berlin,autumn,south,12,18,0,0
Berlin,autumn,south,12,18,1,0.2
Berlin,autumn,south,12,18,2,0.7
Berlin,autumn,south,12,18,3,11.8
Berlin,autumn,south,12,18,4,11.8
Berlin,autumn,south,12,18,5,11.8
Berlin,autumn,south,20,18,0,1.3
Berlin,autumn,south,20,18,1,11.8
Berlin,autumn,south,20,18,2,11.8
Berlin,autumn,south,20,18,3,11.8
Berlin,autumn,south,20,18,4,11.8
Berlin,autumn,south,20,18,5,11.8
Berlin,autumn,south,30,18,0,11.8
Berlin,autumn,south,30,18,1,11.8
Berlin,autumn,south,30,18,2,11.8
Berlin,autumn,south,30,18,3,11.8
Berlin,autumn,south,30,18,4,11.8
Berlin,autumn,south,30,18,5,11.8
Berlin,autumn,east_or_west,8,18,0,1
Berlin,autumn,east_or_west,8,18,1,1.2
Berlin,autumn,east_or_west,8,18,2,1.6
Berlin,autumn,east_or_west,8,18,3,2.2
Berlin,autumn,east_or_west,8,18,4,3.1
Berlin,autumn,east_or_west,8,18,5,4.8
Berlin,autumn,east_or_west,12,18,0,1.6
Berlin,autumn,east_or_west,12,18,1,1.8
Berlin,autumn,east_or_west,12,18,2,2.2
Berlin,autumn,east_or_west,12,18,3,2.9
Berlin,autumn,east_or_west,12,18,4,3.8
Berlin,autumn,east_or_west,12,18,5,5.2
Berlin,autumn,east_or_west,20,18,0,2.4
Berlin,autumn,east_or_west,20,18,1,2.8
Berlin,autumn,east_or_west,20,18,2,3.3
Berlin,autumn,east_or_west,20,18,3,3.8
Berlin,autumn,east_or_west,20,18,4,4.7
Berlin,autumn,east_or_west,20,18,5,5.6
Berlin,autumn,east_or_west,30,18,0,3.2
Berlin,autumn,east_or_west,30,18,1,3.6
Berlin,autumn,east_or_west,30,18,2,4
Berlin,autumn,east_or_west,30,18,3,4.5
Berlin,autumn,east_or_west,30,18,4,5.1
Berlin,autumn,east_or_west,30,18,5,5.7
Berlin,winter,south,8,18,0,0
Berlin,winter,south,8,18,1,0
Berlin,winter,south,8,18,2,0
Berlin,winter,south,8,18,3,0
Berlin,winter,south,8,18,4,0
Berlin,winter,south,8,18,5,4.1
Berlin,winter,south,12,18,0,0
Berlin,winter,south,12,18,1,0
Berlin,winter,south,12,18,2,0
Berlin,winter,south,12,18,3,0
Berlin,winter,south,12,18,4,0
Berlin,winter,south,12,18,5,5.6
Berlin,winter,south,20,18,0,0
Berlin,winter,south,20,18,1,0
Berlin,winter,south,20,18,2,0
Berlin,winter,south,20,18,3,0
Berlin,winter,south,20,18,4,2.6
Berlin,winter,south,20,18,5,6.6
Berlin,winter,south,30,18,0,0
Berlin,winter,south,30,18,1,0
Berlin,winter,south,30,18,2,0
Berlin,winter,south,30,18,3,0
Berlin,winter,south,30,18,4,5.2
Berlin,winter,south,30,18,5,6.9
Berlin,winter,east_or_west,8,18,0,0.3
Berlin,winter,east_or_west,8,18,1,0.4
Berlin,winter,east_or_west,8,18,2,0.6
Berlin,winter,east_or_west,8,18,3,0.8
Berlin,winter,east_or_west,8,18,4,1.3
Berlin,winter,east_or_west,8,18,5,2.6
Berlin,winter,east_or_west,12,18,0,0.6
Berlin,winter,east_or_west,12,18,1,0.8
Berlin,winter,east_or_west,12,18,2,0.9
Berlin,winter,east_or_west,12,18,3,1.2
Berlin,winter,east_or_west,12,18,4,1.8
Berlin,winter,east_or_west,12,18,5,2.9
Berlin,winter,east_or_west,20,18,0,1
Berlin,winter,east_or_west,20,18,1,1.2
Berlin,winter,east_or_west,20,18,2,1.5
Berlin,winter,east_or_west,20,18,3,1.8
Berlin,winter,east_or_west,20,18,4,2.4
Berlin,winter,east_or_west,20,18,5,3.2
Berlin,winter,east_or_west,30,18,0,1.4
Berlin,winter,east_or_west,30,18,1,1.7
Berlin,winter,east_or_west,30,18,2,1.9
Berlin,winter,east_or_west,30,18,3,2.3
Berlin,winter,east_or_west,30,18,4,2.8
Berlin,winter,east_or_west,30,18,5,3.3
